Country,product,Year,values,price_per_thousands,US_inflation_adjusted_price,qty_in_thousands
Argentina,paper bag,2015,301124,147.32,161.04344421110102,2044.013032853652
Argentina,plastic bag,2015,532558,955.76,1044.79284713007,557.208922742111
Australia,textile bag,2015,584209,18630.0,20365.458631908856,31.358507783145463
Australia,paper bag,2015,618754,960.755,1050.2531512560163,644.0289147597463
Australia,plastic bag,2015,2416467,59.46,64.99893560135804,40640.21190716448
Austria,textile bag,2015,322623,5740.0,6274.703840427096,56.20609756097561
Austria,paper bag,2015,7387664,207.645,226.9879580044398,35578.33802884731
Austria,plastic bag,2015,197163,35.14,38.41343082798051,5610.785429709733
Bangladesh,textile bag,2015,113545685,16160.0,17665.368303362695,7026.341893564357
Bangladesh,plastic bag,2015,3014912,10.33,11.292280604810436,291859.825750242
Belgium,textile bag,2015,954970,7940.0,8679.642594597759,120.27329974811083
Belgium,paper bag,2015,38081891,455.295,497.7075409455148,83642.23415587695
Belgium,plastic bag,2015,4023460,97.91,107.03070610038623,41093.45317127975
Bolivia,plastic bag,2015,355,7.1,7.7613932520962345,50.0
Bosnia-Herzegov,textile bag,2015,52448,5660.0,6187.251522093617,9.266431095406361
Brazil,textile bag,2015,338200,10690.0,11685.81603731109,31.637043966323667
Brazil,paper bag,2015,13068523,106.67999999999999,116.61766649769382,122502.09036370454
Brazil,plastic bag,2015,8222707,72.52,79.2755265692984,113385.3695532267
Bulgaria,paper bag,2015,176030,2585.72,2826.5901070155314,68.07775010441966
Bulgaria,plastic bag,2015,49589,59.69,65.25036101656679,830.7756743173061
Burma,textile bag,2015,129256,6150.0,6722.896971886174,21.017235772357722
Cambodia,textile bag,2015,7862737,3210.0,3509.0242731308326,2449.4507788161995
Cambodia,paper bag,2015,20449,156.21,170.76158308590882,130.9071122207285
Cambodia,plastic bag,2015,16409359,15.36,16.790845120027907,1068317.6432291667
Canada,textile bag,2015,18980457,3130.0,3421.571954797354,6064.0437699680515
Canada,paper bag,2015,717547953,151.13,165.2083608717329,4747885.615033415
Canada,plastic bag,2015,452995662,28.8,31.482834600052332,15729016.041666666
Chile,paper bag,2015,11657464,98.425,107.59368039965801,118440.07112014224
Chile,plastic bag,2015,1009888,26.74,29.230937402965253,37766.94091249065
China,textile bag,2015,1235445692,2650.0,2896.8580447964814,466205.92150943395
China,paper bag,2015,905553285,228.6,249.8949996379153,3961300.4593175855
China,plastic bag,2015,1012275632,10.47,11.445322161894023,96683441.45176695
Colombia,textile bag,2015,1991816,17240.0,18845.974600864658,115.53457076566126
Colombia,paper bag,2015,866665,114.3,124.94749981895765,7582.370953630796
Colombia,plastic bag,2015,3260235,6.92,7.564625535845907,471132.22543352604
Costa Rica,paper bag,2015,2621273,1510.03,1650.6953031637854,1735.9078958696184
Costa Rica,plastic bag,2015,9292130,7.24,7.914434809179821,1283443.3701657457
Croatia,plastic bag,2015,24095,5.12,5.596948373342636,4706.0546875
Cyprus,paper bag,2015,5240,333.375,364.4302078052932,15.7180352455943
Czech Republic,textile bag,2015,262699,1160.0,1268.058615835441,226.46465517241379
Czech Republic,paper bag,2015,1095826,215.26500000000001,235.3177913257037,5090.5906673170275
Czech Republic,plastic bag,2015,29056,0.77,0.8417285639597324,37735.06493506493
Denmark,textile bag,2015,127876,15120.0,16528.488165027473,8.457407407407407
Denmark,paper bag,2015,5711596,580.39,634.4556379695962,9840.962111683524
Denmark,plastic bag,2015,12302281,14.53,15.883527317318066,846681.4177563662
Dominican Rep,textile bag,2015,99406,14210.0,15533.71804398415,6.995496129486277
Dominican Rep,paper bag,2015,3126935,113.03,123.5591942654137,27664.646554012208
Dominican Rep,plastic bag,2015,2014973,12.95,14.156344030231864,155596.37065637065
Ecuador,plastic bag,2015,5497705,13.12,14.342180206690506,419032.39329268294
Egypt,paper bag,2015,393589,151.13,165.2083608717329,2604.30754979157
Egypt,plastic bag,2015,113009,15.9,17.38114826877889,7107.4842767295595
El Salvador,textile bag,2015,878590,5010.0,5476.701435634102,175.36726546906186
El Salvador,paper bag,2015,493125,333.375,364.4302078052932,1479.1901012373453
El Salvador,plastic bag,2015,1954541,41.86,45.75942556799272,46692.331581462015
Estonia,textile bag,2015,1843062,190340.0,208070.9283949292,9.682998844173584
Finland,textile bag,2015,2400142,6850.0,7488.104757304112,350.38569343065694
Finland,paper bag,2015,8278052,128.27,140.21886090794143,64536.150307944175
Finland,plastic bag,2015,96069,103.12,112.72603833185406,931.623351435221
France,textile bag,2015,5752817,5420.0,5924.894567093182,1061.4053505535055
France,paper bag,2015,69587995,247.65,270.719582941075,280993.31718150614
France,plastic bag,2015,15808066,58.5,63.9495077813563,270223.35042735044
Germany,textile bag,2015,5581143,5190.0,5673.469151884431,1075.364739884393
Germany,paper bag,2015,403598449,177.79999999999998,194.36277749615638,2269957.5309336334
Germany,plastic bag,2015,37684144,9.75,10.658251296892717,3865040.4102564105
Greece,paper bag,2015,1118175,379.09499999999997,414.40920773287627,2949.590472045266
Greece,plastic bag,2015,945956,157.16,171.8000793661189,6019.063374904556
Guatemala,textile bag,2015,1385669,830.0,907.3178027098414,1669.4807228915663
Guatemala,paper bag,2015,135878,264.16,288.7675551371467,514.3776499091459
Guatemala,plastic bag,2015,523963,0.23,0.2514254152087513,2278100.0
Honduras,textile bag,2015,4838497,1000.0,1093.1539791684836,4838.497
Honduras,paper bag,2015,115452,704.85,770.5095822169058,163.79655245796977
Honduras,plastic bag,2015,1579090,8.51,9.302740362723796,185556.9917743831
Hong Kong,textile bag,2015,9142805,1380.0,1508.5524912525073,6625.221014492754
Hong Kong,paper bag,2015,4972722,363.21999999999997,397.05538831357666,13690.661307196742
Hong Kong,plastic bag,2015,28022286,11.16,12.199598407520277,2510957.5268817204
Hungary,textile bag,2015,101834,36800.0,40228.0664334002,2.7672282608695653
Hungary,paper bag,2015,354146,354.33,387.33724943876877,999.4807100725313
Hungary,plastic bag,2015,16711,1.29,1.4101686331273438,12954.263565891473
India,textile bag,2015,160609009,1670.0,1825.5671452113677,96173.05928143712
India,paper bag,2015,34438895,138.43,151.32530533629318,248782.01979339737
India,plastic bag,2015,62043998,9.07,9.914906591058147,6840573.098125689
Indonesia,textile bag,2015,28021307,9010.0,9849.31735230804,3110.022974472808
Indonesia,paper bag,2015,43997973,177.165,193.66862471938438,248344.61095588858
Indonesia,plastic bag,2015,3478744,13.05,14.26565942814871,266570.42145593866
Ireland,textile bag,2015,256941,35960.0,39309.81709089867,7.1451890989988875
Ireland,paper bag,2015,4496379,1786.89,1953.3459138363717,2516.315497876198
Ireland,plastic bag,2015,606297,81.78,89.39813241639861,7413.756419662509
Israel,textile bag,2015,1008331,7490.0,8187.723303971941,134.62363150867824
Israel,paper bag,2015,5995066,210.185,229.7645691115277,28522.806099388632
Israel,plastic bag,2015,16263579,45.13,49.33403907987367,360371.79259915795
Italy,textile bag,2015,3486998,16990.0,18572.686106072542,205.23825779870512
Italy,paper bag,2015,58572463,141.605,154.79606922015313,413632.7318950602
Italy,plastic bag,2015,2698307,10.72,11.718610656686144,251707.74253731343
Japan,textile bag,2015,799048,1280.0,1399.237093335659,624.25625
Japan,paper bag,2015,316495009,193.67499999999998,211.71659691545608,1634155.2033045052
Japan,plastic bag,2015,13389765,24.29,26.55271015400246,551245.9860024701
Jordan,plastic bag,2015,440495,11.58,12.65872307877104,38039.29188255613
Kenya,textile bag,2015,257910,2000.0,2186.307958336967,128.955
Laos,plastic bag,2015,2185395,68.73,75.13247298824989,31796.8136185072
Latvia,paper bag,2015,3131,5680.71,6209.890741002197,0.5511634989288311
Lebanon,paper bag,2015,5880,476.25,520.6145825789903,12.346456692913385
Lithuania,textile bag,2015,3970,23820.0,26038.92778379328,0.16666666666666666
Lithuania,paper bag,2015,17066,338.455,369.98343001946904,50.42324681272252
Luxembourg,paper bag,2015,175605,144.78,158.26683310401307,1212.9092416079568
Malaysia,textile bag,2015,2056027,21060.0,23021.822801288265,97.62711301044634
Malaysia,paper bag,2015,12893463,848.36,927.3881097673748,15198.103399500213
Malaysia,plastic bag,2015,123602791,12.41,13.566040881480882,9959934.810636584
Mexico,textile bag,2015,94838350,8570.0,9368.329601473906,11066.318553092182
Mexico,paper bag,2015,365815206,212.09,231.8470274418437,1724811.193361309
Mexico,plastic bag,2015,215440464,50.56,55.26986518675853,4261085.126582278
Morocco,textile bag,2015,248145,181650.0,198571.42031595507,1.3660611065235342
Nepal,textile bag,2015,109247,910.0,994.7701210433202,120.05164835164835
Nepal,paper bag,2015,414864,4864.099999999999,5317.210270073421,85.29100964207151
Netherlands,textile bag,2015,1006377,5840.0,6384.019238343945,172.32482876712328
Netherlands,paper bag,2015,20404264,209.54999999999998,229.0704163347557,97371.81579575282
Netherlands,plastic bag,2015,3678629,23.43,25.61259773191757,157005.0789586001
New Zealand,textile bag,2015,2259430,37310.0,40785.574962776125,60.558295363173414
New Zealand,paper bag,2015,303661,415.29,453.9759160088796,731.2022923740037
New Zealand,plastic bag,2015,159660,54.6,59.68620726259921,2924.175824175824
Norway,paper bag,2015,167849,6830.06,7466.307266959494,24.575040336395286
Norway,plastic bag,2015,103055,93.67,102.39573322871186,1100.1921639799295
Oman,plastic bag,2015,78794,2.97,3.2466673181303967,26529.96632996633
Pakistan,textile bag,2015,3949270,930.0,1016.6332006266898,4246.5268817204305
Pakistan,paper bag,2015,20464,485.77500000000003,531.0268742305701,42.12649889352066
Pakistan,plastic bag,2015,148356,17.22,18.82411152128129,8615.331010452963
Panama,paper bag,2015,17611,307.34,335.9699439576417,57.301360057265576
Panama,plastic bag,2015,25952,145.19,158.71502623547212,178.74509263723397
Peru,textile bag,2015,775871,13160.0,14385.906365857243,58.95676291793313
Peru,paper bag,2015,632147,84.455,92.32231931067427,7485.01568882837
Peru,plastic bag,2015,3224138,45.86,50.13204148466666,70303.92498909726
Philippines,textile bag,2015,22804799,13970.0,15271.361088983716,1632.41224051539
Philippines,paper bag,2015,997554,2486.66,2718.3022738391023,401.1622015072427
Philippines,plastic bag,2015,19156905,7.49,8.187723303971941,2557664.2189586116
Poland,textile bag,2015,2130232,9010.0,9849.31735230804,236.42974472807992
Poland,paper bag,2015,10616091,323.215,353.32376337694143,32845.29183360921
Poland,plastic bag,2015,961267,22.98,25.12067844129176,41830.59181897302
Portugal,textile bag,2015,484217,16110.0,17610.710604404274,30.056921166977034
Portugal,paper bag,2015,834653,276.86,302.65061067258637,3014.711406487033
Portugal,plastic bag,2015,123287,531.04,580.5084890976314,232.1614191021392
Qatar,plastic bag,2015,183115,11.61,12.691517698146093,15772.179155900087
Romania,textile bag,2015,219498,48990.0,53553.61343946402,4.480465401102266
Romania,paper bag,2015,153796,104.14,113.84105539060589,1476.8196658344536
Romania,plastic bag,2015,18820,14.32,15.653964981692688,1314.2458100558658
Russia,paper bag,2015,343324,213.35999999999999,233.23533299538764,1609.1301087364081
Russia,plastic bag,2015,171115,11.84,12.942943113354847,14452.280405405405
Singapore,textile bag,2015,8629,490.0,535.645449792557,17.610204081632652
Singapore,paper bag,2015,3044042,259.715,283.9084856997427,11720.701538224594
Singapore,plastic bag,2015,10217627,10.87,11.882583753561416,939984.0846366147
Slovakia,paper bag,2015,33040,995.045,1087.7374012017037,33.20452843841233
Slovakia,plastic bag,2015,131074,3.36,3.672997370006105,39010.119047619046
Slovenia,paper bag,2015,67657,254.0,277.66111070879487,266.36614173228344
Slovenia,plastic bag,2015,2975,112.25,122.70653416166229,26.50334075723831
South Africa,textile bag,2015,2447433,12200.0,13336.478545855503,200.60926229508198
South Africa,paper bag,2015,169713,4485.64,4903.4952151173175,37.83473484274261
South Africa,plastic bag,2015,1272036,2703.17,2954.98104186887,470.571958108443
South Korea,textile bag,2015,6531798,11380.0,12440.092282937343,573.9717047451669
South Korea,paper bag,2015,66674093,241.935,264.4722079501271,275586.8022402711
South Korea,plastic bag,2015,91202715,22.9,25.033226122958272,3982651.3100436684
Spain,textile bag,2015,837219,7610.0,8318.901781472161,110.0156373193167
Spain,paper bag,2015,28289618,201.295,220.0464302367199,140538.10576517053
Spain,plastic bag,2015,7146871,30.69,33.54889562068076,232872.95536005212
Sri Lanka,textile bag,2015,15101409,1130.0,1235.2639964603864,13364.078761061946
Sri Lanka,paper bag,2015,230540,302.895,331.1108745202378,761.1218409019627
Sri Lanka,plastic bag,2015,23543743,6.73,7.356926279803895,3498327.340267459
Sweden,textile bag,2015,319437,20680.0,22606.424289204242,15.44666344294004
Sweden,paper bag,2015,7059685,215.26500000000001,235.3177913257037,32795.32204492138
Sweden,plastic bag,2015,763157,28.28,30.91439453088472,26985.74964639321
Switzerland,textile bag,2015,90761,3510.0,3836.9704668813774,25.85783475783476
Switzerland,paper bag,2015,18769923,1199.515,1311.2545953222839,15647.926870443469
Switzerland,plastic bag,2015,6014832,261.68,286.05653326880883,22985.447875267502
Taiwan,textile bag,2015,12923945,6880.0,7520.899376679168,1878.4803779069769
Taiwan,paper bag,2015,171848356,221.615,242.25931909342353,775436.4821875775
Taiwan,plastic bag,2015,103900976,13.07,14.287522507732081,7949577.352716143
Thailand,textile bag,2015,9243983,4960.0,5422.043736675679,1863.70625
Thailand,paper bag,2015,4533810,986.79,1078.713415103668,4594.503389778981
Thailand,plastic bag,2015,166739224,7.75,8.471943338555747,21514738.580645163
Tunisia,textile bag,2015,41061,18760.0,20507.56864920076,2.1887526652452025
Turkey,textile bag,2015,15434461,1650.0,1803.7040656279983,9354.218787878788
Turkey,paper bag,2015,2662416,162.56,177.7031108536287,16378.051181102363
Turkey,plastic bag,2015,20649588,29.04,31.745191555052763,711073.9669421487
Ukraine,textile bag,2015,7645,103310.0,112933.73758789603,0.07400058077630432
Ukraine,paper bag,2015,185123,176.53,192.9744719426124,1048.6772786495212
United Arab Em,paper bag,2015,276847,402.59,440.0928604734398,687.6648699669639
United Arab Em,plastic bag,2015,62556,269.49,294.59406584611463,232.1273516642547
United Kingdom,textile bag,2015,2313856,9680.0,10581.730518350922,239.03471074380164
United Kingdom,paper bag,2015,98741923,450.215,492.15431873133883,219321.70851704187
United Kingdom,plastic bag,2015,9370875,21.42,23.41535823378892,437482.49299719883
Venezuela,plastic bag,2015,35212,8605.5,9407.136567734386,4.091801754691767
Vietnam,textile bag,2015,94027678,2860.0,3126.4203804218632,32876.81048951049
Vietnam,paper bag,2015,22297298,222.885,243.64762464696744,100039.47327096933
Vietnam,plastic bag,2015,44151334,9.81,10.723840535642827,4500645.667686034
Argentina,paper bag,2016,43747,264.16,288.4214493978692,165.60796486977588
Argentina,plastic bag,2016,121422,364.08,397.5184785613878,333.5036255767963
Australia,textile bag,2016,187906,33790.0,36893.40087505299,5.560994377034626
Australia,paper bag,2016,813461,852.17,930.4365026248566,954.5759648896347
Australia,plastic bag,2016,2622816,99.52,108.66029165685924,26354.662379421225
Austria,textile bag,2016,432497,12770.0,13942.844900101414,33.86820673453406
Austria,paper bag,2016,10639124,142.24,155.30385736808344,74796.99100112486
Austria,plastic bag,2016,215789,66.0,72.06168859880135,3269.530303030303
Bangladesh,textile bag,2016,115946155,16210.0,17698.787457372273,7152.754780999383
Bangladesh,plastic bag,2016,3328131,8.28,9.040466387849621,401948.1884057971
Belgium,textile bag,2016,968089,4530.0,4946.0522629177285,213.70618101545253
Belgium,paper bag,2016,31667469,540.385,590.0159938403525,58601.68028350158
Belgium,plastic bag,2016,4452832,117.74,128.55368508519499,37819.1948360795
Bolivia,plastic bag,2016,6261,9.94,10.852927040486144,629.8792756539236
Bosnia-Herzegov,textile bag,2016,50590,5260.0,5743.098212571138,9.61787072243346
Brazil,textile bag,2016,513709,1860.0,2030.8294059662198,276.18763440860215
Brazil,paper bag,2016,14430551,89.535,97.75823164687392,161172.1784776903
Brazil,plastic bag,2016,9191005,86.57,94.52091487876109,106168.47637749798
Bulgaria,paper bag,2016,148435,1261.11,1376.9350925580966,117.70186581662188
Bulgaria,plastic bag,2016,13890,106.85,116.66350646639277,129.99532054281704
Burma,textile bag,2016,146643,12500.0,13648.047083106318,11.73144
Cambodia,textile bag,2016,13046198,3930.0,4290.9460029286265,3319.6432569974554
Cambodia,paper bag,2016,2056,513.715,560.8965205838371,4.002219129283747
Cambodia,plastic bag,2016,19041990,18.48,20.17727280766438,1030410.7142857143
Canada,textile bag,2016,20022191,9290.0,10143.228592164616,2155.241227125942
Canada,paper bag,2016,740548614,153.67,167.7836316208758,4819083.841999089
Canada,plastic bag,2016,455427986,42.62,46.53438133455929,10685780.994838106
Chile,paper bag,2016,10422356,97.79,106.77140194055734,106578.95490336434
Chile,plastic bag,2016,1939124,48.35,52.79064611745523,40105.9772492244
China,textile bag,2016,1141362314,2680.0,2926.1412946179944,425881.4604477612
China,paper bag,2016,905821397,208.915,228.1025405093725,4335837.048560419
China,plastic bag,2016,996741008,9.62,10.50353703515862,103611331.3929314
Colombia,textile bag,2016,2240751,19710.0,21520.240640642038,113.68599695585996
Colombia,paper bag,2016,1346476,110.49,120.63781777699336,12186.40600959363
Colombia,plastic bag,2016,4746707,13.32,14.543358971758092,356359.3843843844
Costa Rica,paper bag,2016,2277002,8122.92,8868.959568984477,280.318161449331
Costa Rica,plastic bag,2016,8579869,6.42,7.0096369818834035,1336428.1931464174
Croatia,plastic bag,2016,103747,5.17,5.6448322735727725,20067.117988394584
Cyprus,paper bag,2016,123403,348.615,380.6331147101686,353.98075240594926
Czech Republic,textile bag,2016,127430,4300.0,4694.928196588572,29.634883720930233
Czech Republic,paper bag,2016,2085310,172.085,187.88993458370805,12117.906848359822
Czech Republic,plastic bag,2016,34968,448.2,489.3643762118601,78.01874163319947
Denmark,textile bag,2016,248946,9890.0,10798.33485215372,25.171486349848333
Denmark,paper bag,2016,7250780,247.01500000000001,269.70178801868053,29353.602007975223
Denmark,plastic bag,2016,11025821,263.68,287.89736438987785,41815.158525485436
Dominican Rep,textile bag,2016,24832,8150.0,8898.526698185316,3.0468711656441716
Dominican Rep,paper bag,2016,3894890,127.63499999999999,139.35747915618197,30515.84596701532
Dominican Rep,plastic bag,2016,649997,37.07,40.4746484296601,17534.313461019694
Ecuador,plastic bag,2016,4594606,12.79,13.964681775434382,359234.2455043003
Egypt,paper bag,2016,532314,158.75,173.33019795545022,3353.1590551181102
Egypt,plastic bag,2016,964559,9.85,10.754661101487779,97924.77157360407
El Salvador,textile bag,2016,787730,5510.0,6016.059154233264,142.96370235934666
El Salvador,paper bag,2016,856059,492.76,538.0169344537175,1737.2737235165193
El Salvador,plastic bag,2016,719369,28.8,31.445100479476952,24978.090277777777
Estonia,textile bag,2016,1453562,148750.0,162411.7602889652,9.77184537815126
Finland,textile bag,2016,1685495,11320.0,12359.671438461079,148.8953180212014
Finland,paper bag,2016,5337956,142.875,155.9971781599052,37361.02187226597
Finland,plastic bag,2016,40917,1370.78,1496.6775984464382,29.84942879236639
France,textile bag,2016,1908900,8450.0,9226.079828179869,225.90532544378698
France,paper bag,2016,78425614,229.23499999999999,250.2888058476701,342118.84747093596
France,plastic bag,2016,26830748,70.78,77.2807018033812,379072.4498445889
Germany,textile bag,2016,4691459,8800.0,9608.225146506846,533.1203409090909
Germany,paper bag,2016,325260249,194.945,212.84948308929285,1668471.871553515
Germany,plastic bag,2016,49689519,21.52,23.496477858275835,2308992.5185873606
Greece,paper bag,2016,865363,183.51500000000001,200.36970883650045,4715.489197068359
Greece,plastic bag,2016,1015875,31.35,34.22930208443064,32404.306220095692
Guatemala,textile bag,2016,914095,850.0,928.0672016512295,1075.4058823529413
Guatemala,paper bag,2016,107500,264.16,288.4214493978692,406.95033313143546
Guatemala,plastic bag,2016,655865,0.49,0.5350034456577675,1338500.0
Honduras,textile bag,2016,5952842,1890.0,2063.5847189656747,3149.651851851852
Honduras,paper bag,2016,50315,350.52,382.71307708563404,143.5438776674655
Honduras,plastic bag,2016,705304,0.99,1.0809253289820202,712428.2828282828
Hong Kong,textile bag,2016,9161501,1350.0,1473.9890849754822,6786.297037037037
Hong Kong,paper bag,2016,4482372,294.005,321.0075266134938,15245.90398122481
Hong Kong,plastic bag,2016,23136941,14.52,15.853571491736295,1593453.2369146007
Hungary,textile bag,2016,147413,5370.0,5863.201026902474,27.4512104283054
Hungary,paper bag,2016,1214397,500.38,546.3367839555791,2426.949518366042
Hungary,plastic bag,2016,112016,0.73,0.7970459496534088,153446.57534246575
India,textile bag,2016,155147482,1820.0,1987.1556553002797,85245.86923076923
India,paper bag,2016,39006530,134.62,146.98400786622182,289752.8599019462
India,plastic bag,2016,73817561,10.65,11.628136114806583,6931226.384976526
Indonesia,textile bag,2016,24835509,5560.0,6070.651342565689,4466.8181654676255
Indonesia,paper bag,2016,50897222,147.955,161.5437444944796,344004.7446858842
Indonesia,plastic bag,2016,5137032,6.97,7.610151053540082,737020.3730272597
Ireland,textile bag,2016,158584,7840.0,8560.055130524283,20.227551020408164
Ireland,paper bag,2016,4627285,201.93,220.4760117993327,22915.292428069133
Ireland,plastic bag,2016,578099,196.17,214.18699170343726,2946.92868430443
Israel,textile bag,2016,671485,6610.0,7217.087297546619,101.58623298033282
Israel,paper bag,2016,6606625,626.11,683.6143007362956,10551.859896823242
Israel,plastic bag,2016,16880657,25.9,28.278753556196286,651762.8185328186
Italy,textile bag,2016,6875571,8140.000000000001,8887.608260518835,844.6647420147419
Italy,paper bag,2016,65129601,140.97,153.9172157844398,462010.3639072143
Italy,plastic bag,2016,6440631,10.54,11.508033300475248,611065.5597722961
Japan,textile bag,2016,753787,2980.0,3253.694424612546,252.9486577181208
Japan,paper bag,2016,304652076,219.07500000000002,239.19567317852136,1390629.1270112975
Japan,plastic bag,2016,12457097,44.74,48.84909011985413,278433.1023692445
Jordan,plastic bag,2016,855967,8.97,9.793838586837092,95425.52954292083
Kenya,textile bag,2016,36405,7300.0,7970.4594965340875,4.986986301369863
Laos,plastic bag,2016,1936905,54.4,59.39630090567869,35604.87132352941
Latvia,paper bag,2016,31418,1712.595,1869.8861755433968,18.345259679025105
Lebanon,paper bag,2016,6720,845.1850000000001,922.809973914817,7.950921987493862
Lithuania,textile bag,2016,4054,17280.0,18867.060287686174,0.23460648148148147
Lithuania,paper bag,2016,13109,1517.6499999999999,1657.036692454104,8.637696438572794
Luxembourg,paper bag,2016,142978,124.46,135.89087519707297,1148.7867587980074
Malaysia,textile bag,2016,2152213,14680.0,16028.266494400057,146.608514986376
Malaysia,paper bag,2016,12272109,297.815,325.16745136442455,41207.15544885248
Malaysia,plastic bag,2016,113145730,11.14,12.16313956046435,10156708.258527827
Mexico,textile bag,2016,95239663,8260.0,9018.629512516656,11530.225544794188
Mexico,paper bag,2016,402360252,209.54999999999998,228.7958613011942,1920115.733715104
Mexico,plastic bag,2016,216196305,57.13,62.377034388629106,3784286.8020304567
Morocco,textile bag,2016,43321,54090.0,59057.829338017655,0.8009058975781106
Nepal,textile bag,2016,104512,1550.0,1692.3578383051831,67.42709677419354
Nepal,paper bag,2016,397588,2720.34,2970.1862721645953,146.15378959982942
Netherlands,textile bag,2016,1034608,2820.0,3078.9994219487853,366.8822695035461
Netherlands,paper bag,2016,26269511,210.82,230.1825028848379,124606.35138981121
Netherlands,plastic bag,2016,4829938,44.59,48.68531355485685,108318.86073110563
New Zealand,textile bag,2016,2156082,22950.0,25057.814444583197,93.94692810457516
New Zealand,paper bag,2016,524520,563.245,614.9755423459374,931.2466155935693
New Zealand,plastic bag,2016,142407,11.34,12.381508313794049,12557.936507936509
Norway,paper bag,2016,528876,164.465,179.57008508184646,3215.735870853981
Norway,plastic bag,2016,561208,980.12,1070.1379125675328,572.5911112924948
Oman,plastic bag,2016,1534807,12.37,13.506107393442011,124074.9393694422
Pakistan,textile bag,2016,3784489,760.0,829.8012626528639,4979.590789473684
Pakistan,paper bag,2016,5434,3892.5499999999997,4250.056453867639,1.3960000513802007
Pakistan,plastic bag,2016,173213,5.18,5.655750711239256,33438.80308880309
Panama,paper bag,2016,149933,470.535,513.7507067399545,318.6436715653458
Panama,plastic bag,2016,41766,2894.0,3159.7958606807747,14.43192812715964
Peru,textile bag,2016,352907,13180.0,14390.500844427303,26.775948406676783
Peru,paper bag,2016,274707,89.535,97.75823164687392,3068.1521192829623
Peru,plastic bag,2016,3954644,16.21,17.698787457372273,243963.2325724861
Philippines,textile bag,2016,15679325,6610.0,7217.087297546619,2372.061270801815
Philippines,paper bag,2016,966067,2359.66,2576.380062409812,409.40940643991087
Philippines,plastic bag,2016,17620661,6.55,7.151576671547709,2690177.251908397
Poland,textile bag,2016,1477811,8210.0,8964.03732418423,180.00133982947625
Poland,paper bag,2016,9119354,330.835,361.2201325391582,27564.65912010519
Poland,plastic bag,2016,1618540,202.15,220.7162174279954,8006.6287410338855
Portugal,textile bag,2016,551638,15210.0,16606.943690723765,36.268113083497695
Portugal,paper bag,2016,2046422,183.51500000000001,200.36970883650045,11151.251941258206
Portugal,plastic bag,2016,196405,39.48,43.10599190728299,4974.797365754813
Qatar,plastic bag,2016,1713859,9.09,9.924859838834912,188543.34433443344
Romania,textile bag,2016,210331,43700.0,47713.57260253968,4.813066361556064
Romania,paper bag,2016,182653,125.73,137.2775167807166,1452.7399984092897
Romania,plastic bag,2016,88335,25.24,27.558136670208274,3499.801901743265
Russia,paper bag,2016,103968,267.96999999999997,292.5813741488,387.98372952196144
Russia,plastic bag,2016,145728,139.3,152.0938366941368,1046.1450107681262
Singapore,textile bag,2016,19119,7430.0,8112.399186198394,2.5732166890982504
Singapore,paper bag,2016,3100195,118.745,129.65098807067676,26108.004547559896
Singapore,plastic bag,2016,9217957,9.96,10.874763915819115,925497.6907630521
Slovakia,paper bag,2016,247438,767.08,837.5315165207355,322.5713093810293
Slovakia,plastic bag,2016,202109,107.84,117.74443179537482,1874.1561572700296
Slovenia,paper bag,2016,75137,542.29,592.095956215818,138.5550166884877
Slovenia,plastic bag,2016,196540,732.08,799.3169846880378,268.46792700251336
South Africa,textile bag,2016,3816142,24990.0,27285.175728546154,152.70676270508204
South Africa,paper bag,2016,205510,367.665,401.43273846482276,558.9599227557695
South Africa,plastic bag,2016,785520,133.89,146.1869619165684,5866.9056688326245
South Korea,textile bag,2016,10284091,10290.0,11235.072358813119,999.4257531584062
South Korea,paper bag,2016,67790175,213.35999999999999,232.9557860521251,317726.7294713161
South Korea,plastic bag,2016,97831727,16.59,18.113688088698705,5897029.957805907
Spain,textile bag,2016,982380,7540.0,8232.50200052973,130.28912466843502
Spain,paper bag,2016,36882533,198.755,217.00940784022367,185567.82470881238
Spain,plastic bag,2016,8254487,37.3,40.72577249598925,221299.91957104558
Sri Lanka,textile bag,2016,15567807,9670.0,10558.129223491045,1609.907652533609
Sri Lanka,paper bag,2016,238984,278.13,303.6745068179488,859.2528673641822
Sri Lanka,plastic bag,2016,19609574,5.95,6.496470411558606,3295726.7226890754
Sweden,textile bag,2016,385323,12980.0,14172.1320910976,29.685901386748846
Sweden,paper bag,2016,7508697,205.74,224.6359365502635,36496.04841061534
Sweden,plastic bag,2016,1007839,14.13,15.42775242274338,71326.18542108987
Switzerland,textile bag,2016,177276,2029.9999999999998,2216.442846296465,87.328078817734
Switzerland,paper bag,2016,16987483,1266.19,1382.4816588926712,13416.21952471588
Switzerland,plastic bag,2016,7891643,85.19,93.01417048078616,92635.7905857495
Taiwan,textile bag,2016,13613904,7980.0,8712.913257855073,1706.003007518797
Taiwan,paper bag,2016,161700792,200.025,218.39604942386725,808402.9096362954
Taiwan,plastic bag,2016,98001661,12.11,13.222228014113401,8092622.708505368
Thailand,textile bag,2016,5331923,3960.0,4323.7013159280805,1346.445202020202
Thailand,paper bag,2016,11088487,507.365,553.9633126656189,21855.04912636859
Thailand,plastic bag,2016,178426519,8.17,8.920363573518287,21839231.211750306
Tunisia,textile bag,2016,67138,12730.0,13899.171149435471,5.273998428908091
Turkey,textile bag,2016,11618724,7510.0,8199.746687530276,1547.1003994673767
Turkey,paper bag,2016,2428423,121.92,133.11759202978578,19918.167650918636
Turkey,plastic bag,2016,16602084,20.71,22.61208440729055,801645.7749879285
Ukraine,textile bag,2016,28319,4650.0,5077.07351491555,6.09010752688172
Ukraine,paper bag,2016,30423,329.565,359.83349095551466,92.31259387374266
United Arab Em,paper bag,2016,104077,622.9350000000001,680.1476967771868,167.07521651536675
United Arab Em,plastic bag,2016,83389,394.08,430.27379156084294,211.60424279334146
United Kingdom,textile bag,2016,1985826,6010.0,6561.981037557516,330.42029950083196
United Kingdom,paper bag,2016,96657463,473.71,517.2173106990634,204043.53507420153
United Kingdom,plastic bag,2016,10979784,15.6,17.032762759716682,703832.3076923077
Venezuela,plastic bag,2016,59735,2.53,2.7623647296207188,23610.671936758896
Vietnam,textile bag,2016,101792118,4460.0,4869.623199252334,22823.344843049326
Vietnam,paper bag,2016,19127326,222.885,243.3555979294521,85817.0177445768
Vietnam,plastic bag,2016,55720979,12.69,13.855497398769531,4390936.09141056
Argentina,paper bag,2017,80049,1080.135,1164.6639017271218,74.11018067186046
Argentina,plastic bag,2017,50619,17.05,18.384294115501696,2968.856304985337
Australia,textile bag,2017,398578,6420.0,6922.4145584469725,62.08380062305296
Australia,paper bag,2017,1960304,231.14000000000001,249.2284892584787,8481.024487323699
Australia,plastic bag,2017,1974484,91.88,99.07031925702613,21489.81279930344
Austria,textile bag,2017,159729,4440.0,4787.46427406613,35.975
Austria,paper bag,2017,15914844,130.81,141.04689227265555,121663.81775093648
Austria,plastic bag,2017,153845,54.88,59.174783639808396,2803.298104956268
Bangladesh,textile bag,2017,128437252,15080.0,16260.126408314696,8517.059151193635
Bangladesh,plastic bag,2017,3068121,7.47,8.05458516380045,410725.702811245
Belgium,textile bag,2017,727974,5240.0,5650.070449573541,138.92633587786258
Belgium,paper bag,2017,33597453,623.57,672.3691660764454,53879.200410539306
Belgium,plastic bag,2017,4063591,100.09,107.92281513317097,40599.37056649016
Bolivia,plastic bag,2017,1717,16.67,17.97455618213568,102.99940011997599
Bosnia-Herzegov,textile bag,2017,448379,4870.0,5251.115093401365,92.06960985626283
Brazil,textile bag,2017,620329,4930.0,5315.81055656442,125.82738336713996
Brazil,paper bag,2017,18263399,95.885,103.38874142316013,190471.9090577254
Brazil,plastic bag,2017,8899210,32.29,34.81694175891788,275602.66336327035
Bulgaria,paper bag,2017,60203,4004.945,4318.36286195941,15.032166484183927
Bulgaria,plastic bag,2017,22702,11.33,12.216659960623707,2003.7069726390114
Burma,textile bag,2017,590653,5370.0,5790.243953093495,109.99124767225327
Cambodia,textile bag,2017,9236525,4970.0,5358.940865339791,1858.4557344064385
Cambodia,paper bag,2017,202772,164.465,177.33565581853293,1232.9188581157084
Cambodia,plastic bag,2017,19656076,11.54,12.443094081694401,1703299.4800693241
Canada,textile bag,2017,25224915,2970.0,3202.425426571263,8493.237373737375
Canada,paper bag,2017,747418891,142.24,153.37137800521765,5254632.248312711
Canada,plastic bag,2017,473386503,24.38,26.287923198588345,19417001.76374077
Chile,paper bag,2017,8108714,94.615,102.01935411954211,85702.20366749458
Chile,plastic bag,2017,1395680,29.69,32.01347168851879,47008.42034355002
China,textile bag,2017,1171355133,2770.0,2986.7738826944105,422871.88916967507
China,paper bag,2017,921451096,229.23499999999999,247.17440830305165,4019678.9146509045
China,plastic bag,2017,1066107478,9.93,10.707099153485737,107362283.78650554
Colombia,textile bag,2017,1815553,13330.0,14373.175399392236,136.20052513128283
Colombia,paper bag,2017,1091286,104.14,112.28975889667721,10479.028231227194
Colombia,plastic bag,2017,4060224,20.97,22.61106437548801,193620.60085836911
Costa Rica,paper bag,2017,2419670,611.505,659.3599866920741,3956.909591908488
Costa Rica,plastic bag,2017,9546192,15.53,16.745342382037613,614693.6252414682
Croatia,plastic bag,2017,99451,4.98,5.369723442533633,19970.08032128514
Cyprus,paper bag,2017,87345,278.765,300.5805131441543,313.32843075708934
Czech Republic,textile bag,2017,334770,5960.0,6426.416007530211,56.169463087248324
Czech Republic,paper bag,2017,2229675,156.21,168.43463834501583,14273.574034952948
Czech Republic,plastic bag,2017,42709,1761.94,1899.8254060919094,24.23975844807428
Denmark,textile bag,2017,318954,5360.0,5779.461375899654,59.50634328358209
Denmark,paper bag,2017,9251683,300.99,324.5447909574695,30737.509551812353
Denmark,plastic bag,2017,5713869,25.54,27.538702153074095,223722.35708692248
Dominican Rep,textile bag,2017,35737,1150.0,1239.9963772919032,31.075652173913042
Dominican Rep,paper bag,2017,6755446,128.905,138.9928113172285,52406.39230441023
Dominican Rep,plastic bag,2017,748766,23.53,25.37140413711173,31821.7594560136
Ecuador,plastic bag,2017,4513154,13.12,14.146741278321539,343990.39634146343
Egypt,paper bag,2017,357068,141.605,152.6866843534086,2521.5776279086194
Egypt,plastic bag,2017,351410,75.97,81.9152389416225,4625.641700671317
El Salvador,textile bag,2017,260960,7580.0,8173.193512932719,34.42744063324538
El Salvador,paper bag,2017,1184033,859.79,927.0752045493961,1377.118831342537
El Salvador,plastic bag,2017,851721,26.28,28.33661286541845,32409.47488584475
Estonia,textile bag,2017,705991,134350.0,144863.9245992758,5.254864160774098
Finland,textile bag,2017,1450925,7010.0,7558.586612883689,206.9793152639087
Finland,paper bag,2017,3951470,141.605,152.6866843534086,27904.876240245758
Finland,plastic bag,2017,67512,819.52,883.6537661897919,82.3799297149551
France,textile bag,2017,2053413,14670.0,15818.040743367148,139.97361963190184
France,paper bag,2017,83008026,235.585,254.02134482114178,352348.5196425918
France,plastic bag,2017,22467090,61.5,66.31284974213223,365318.53658536583
Germany,textile bag,2017,6538587,7330.0,7903.629083086652,892.030968622101
Germany,paper bag,2017,334784289,226.695,244.43563369581562,1476804.9096804077
Germany,plastic bag,2017,43622223,27.39,29.53347893393498,1592633.1872946331
Greece,paper bag,2017,1513823,306.07,330.02234017194155,4946.002548436632
Greece,plastic bag,2017,1230213,92.52,99.76040419743208,13296.725032425422
Guatemala,textile bag,2017,1336568,1020.0,1099.822873771949,1310.3607843137254
Guatemala,paper bag,2017,34310,226.06,243.75094004400665,151.7738653454835
Guatemala,plastic bag,2017,480241,0.57,0.6146069000490303,842528.0701754387
Honduras,textile bag,2017,5857366,10810.0,11655.965946543889,541.8469935245143
Honduras,paper bag,2017,74978,3710.94,4001.3497011718396,20.20458428322743
Honduras,plastic bag,2017,2219172,10.25,11.052141623688701,216504.58536585365
Hong Kong,textile bag,2017,8523585,1000.0,1078.2577193842635,8523.585
Hong Kong,paper bag,2017,5773254,247.65,267.03052420551296,23312.15021199273
Hong Kong,plastic bag,2017,17146106,9.09,9.801362669202957,1886260.2860286029
Hungary,textile bag,2017,174887,163960.0,176791.13567024388,1.0666443034886557
Hungary,paper bag,2017,380775,423.545,456.690665756608,899.018994439788
Hungary,plastic bag,2017,78967,0.97,1.0459099878027358,81409.27835051547
India,textile bag,2017,184656533,1910.0,2059.4722440239434,96678.81308900524
India,paper bag,2017,39478568,130.81,141.04689227265555,301800.8409143032
India,plastic bag,2017,81916669,9.59,10.34049152889509,8541884.150156412
Indonesia,textile bag,2017,20139121,6940.0,7483.10857252679,2901.890634005764
Indonesia,paper bag,2017,43612656,163.83,176.65096216672393,266206.7753158762
Indonesia,plastic bag,2017,6093113,7.9,8.518235983135684,771280.1265822784
Ireland,textile bag,2017,184337,31930.0,34428.76897993954,5.773160037582211
Ireland,paper bag,2017,5239671,134.62,145.15505418350955,38921.935819343336
Ireland,plastic bag,2017,528279,8.33,8.981886802470916,63418.84753901561
Israel,textile bag,2017,942550,27690.0,29856.95624975026,34.039364391477065
Israel,paper bag,2017,12042035,638.1750000000001,688.1171200680526,18869.487209621184
Israel,plastic bag,2017,9736912,32.19,34.70911598697944,302482.51009630325
Italy,textile bag,2017,8072429,19320.0,20831.939138503974,417.8275879917184
Italy,paper bag,2017,68821484,171.45000000000002,184.86728598843203,401408.4806065908
Italy,plastic bag,2017,9276679,6.27,6.760675900539332,1479534.1307814992
Japan,textile bag,2017,718399,3450.0,3719.98913187571,208.23159420289855
Japan,paper bag,2017,310788471,219.71,236.90400352591658,1414539.488416549
Japan,plastic bag,2017,18264672,8.0,8.62606175507411,2283084.0
Jordan,plastic bag,2017,246446,102.3,110.30576469301018,2409.051808406647
Kenya,textile bag,2017,24054,1320.0,1423.300189587228,18.222727272727273
Laos,plastic bag,2017,1703028,34.62,37.329282245083206,49192.02772963605
Latvia,paper bag,2017,71809,1262.3799999999999,1361.1709797963065,56.88382262076396
Lebanon,paper bag,2017,12828,763.905,823.6864631262358,16.79266400926817
Lithuania,textile bag,2017,47480,170780.0,184144.85331644458,0.27801850333762734
Lithuania,paper bag,2017,51909,1226.82,1322.8281352950023,42.311830586394095
Luxembourg,paper bag,2017,136189,37446.585,40377.06934082897,3.636887048578662
Malaysia,textile bag,2017,1506469,11360.0,12249.007692205236,132.61170774647888
Malaysia,paper bag,2017,10741873,281.94,304.00398140319936,38099.85457898844
Malaysia,plastic bag,2017,109564121,10.86,11.709878832513102,10088777.255985267
Mexico,textile bag,2017,108536114,9530.0,10275.796065732035,11388.889192025184
Mexico,paper bag,2017,416882465,198.12,213.6244193644103,2104191.7272360185
Mexico,plastic bag,2017,241675597,13.03,14.049698083576954,18547628.31926324
Morocco,textile bag,2017,86413,25470.0,27463.224112717195,3.392736552807224
Nepal,textile bag,2017,38513,1790.0,1930.081317697832,21.515642458100558
Nepal,paper bag,2017,271458,2108.2000000000003,2273.182924005905,128.7629257186225
Netherlands,textile bag,2017,945141,9490.0,10232.665756956661,99.59336143308747
Netherlands,paper bag,2017,25169771,185.42,199.93054632823015,135744.63919749757
Netherlands,plastic bag,2017,4603411,39.13,42.192224559506236,117644.03271147456
New Zealand,textile bag,2017,2608530,55970.0,60350.08455393724,46.60586028229409
New Zealand,paper bag,2017,431219,199.39000000000001,214.99380666802836,2162.691208184964
New Zealand,plastic bag,2017,154403,6.7,7.224326719874567,23045.223880597016
Norway,paper bag,2017,110672,13534.39,14593.560494657184,8.177095532196132
Norway,plastic bag,2017,213453,34.23,36.90876173452334,6235.845749342682
Oman,plastic bag,2017,2780726,11.22,12.098051611491439,247836.54188948305
Pakistan,textile bag,2017,3334881,1210.0,1304.691840454959,2756.1
Pakistan,paper bag,2017,45123,163.83,176.65096216672393,275.42574620032957
Pakistan,plastic bag,2017,282114,6.24,6.728328168957806,45210.57692307692
Panama,paper bag,2017,16494,1710.69,1844.564697973466,9.641723515072865
Panama,plastic bag,2017,21343,309.75,333.9903285792757,68.90395480225989
Peru,textile bag,2017,78769,3780.0,4075.8141792725164,20.83835978835979
Peru,paper bag,2017,259718,325.755,351.24784337802083,797.2801645408359
Peru,plastic bag,2017,2257891,15.69,16.917863617139098,143906.373486297
Philippines,textile bag,2017,17583128,6950.0,7493.891149720633,2529.946474820144
Philippines,paper bag,2017,1018071,3241.6749999999997,3495.3610924849822,314.0570846861576
Philippines,plastic bag,2017,16863244,6.67,7.191978988293038,2528222.4887556224
Poland,textile bag,2017,1270998,10810.0,11655.965946543889,117.57613320999074
Poland,paper bag,2017,16283631,367.665,396.43762439741533,44289.31500142793
Poland,plastic bag,2017,1832312,53.8,58.01026530287338,34057.843866171
Portugal,textile bag,2017,604156,10750.0,11591.270483380833,56.200558139534884
Portugal,paper bag,2017,2331491,196.215,211.5703384089833,11882.32805850725
Portugal,plastic bag,2017,114941,184.74,199.19733107904887,622.1771137815308
Qatar,plastic bag,2017,2496495,9.94,10.717881730679581,251156.43863179075
Romania,textile bag,2017,32845,92250.0,99469.27461319831,0.35604336043360435
Romania,paper bag,2017,214846,861.695,929.1292855048232,249.32951914540527
Romania,plastic bag,2017,5411,76.33,82.30341172060085,70.8895584960042
Russia,paper bag,2017,226533,290.195,312.90499887671643,780.623373938214
Russia,plastic bag,2017,179789,126.03,135.89282037399875,1426.557168928033
Singapore,textile bag,2017,787508,13430.0,14481.001171330661,58.63797468354431
Singapore,paper bag,2017,4926055,298.45,321.80601635023345,16505.461551348635
Singapore,plastic bag,2017,7302441,13.52,14.578044366075243,540121.375739645
Slovakia,paper bag,2017,525161,894.715,964.7333553988915,586.9589757632318
Slovakia,plastic bag,2017,44614,28.58,30.816605620002253,1561.0216934919524
Slovenia,paper bag,2017,68723,307.34,331.39172747555955,223.60577861651592
Slovenia,plastic bag,2017,115914,1856.91,2002.227541701833,62.42305766030663
South Africa,textile bag,2017,6098620,43680.0,47098.29718270464,139.62042124542126
South Africa,paper bag,2017,459572,1476.375,1591.9127404559424,311.28405723478113
South Africa,plastic bag,2017,877934,130.19,140.37837248663732,6743.482602350411
South Korea,textile bag,2017,10190309,7870.0,8485.888251554155,1294.8296060991106
South Korea,paper bag,2017,68492240,225.42499999999998,243.06624639219763,303836.04302983254
South Korea,plastic bag,2017,93333043,1.64,1.7683426597901923,56910392.07317074
Spain,textile bag,2017,974317,6530.0,7041.022907579241,149.20627871362942
Spain,paper bag,2017,34524926,186.055,200.61523998003918,185563.01093762595
Spain,plastic bag,2017,8851459,26.2,28.250352247867706,337841.9465648855
Sri Lanka,textile bag,2017,18353000,3850.0,4151.292219629415,4767.012987012987
Sri Lanka,paper bag,2017,210886,664.21,716.1895597922218,317.49898375513766
Sri Lanka,plastic bag,2017,16447975,5.65,6.09215611452109,2911146.017699115
Sweden,textile bag,2017,398235,5640.0,6081.3735373272475,70.60904255319149
Sweden,paper bag,2017,6519195,248.285,267.71521785732193,26256.902350121836
Sweden,plastic bag,2017,956400,59.29,63.92990018229299,16130.88210490808
Switzerland,textile bag,2017,323169,5030.0,5423.636328502846,64.24831013916501
Switzerland,paper bag,2017,16279386,1074.42,1158.5016588608405,15151.789802870386
Switzerland,plastic bag,2017,8606907,152.64,164.585258286814,56386.96933962264
Taiwan,textile bag,2017,12201799,4930.0,5315.81055656442,2475.009939148073
Taiwan,paper bag,2017,175790968,200.66,216.36319397164635,876063.8293631017
Taiwan,plastic bag,2017,104964964,10.68,11.515792443023933,9828180.149812734
Thailand,textile bag,2017,4752427,5310.0,5725.548489930439,894.9956685499059
Thailand,paper bag,2017,6441965,611.505,659.3599866920741,10534.60723951562
Thailand,plastic bag,2017,177967814,7.91,8.529018560329526,22499091.529709227
Tunisia,textile bag,2017,76648,69640.0,75089.86757792013,1.100631820792648
Turkey,textile bag,2017,13261757,5220.0,5628.505295185856,2540.5664750957853
Turkey,paper bag,2017,3384636,122.55499999999999,132.14587479913843,27617.282036636614
Turkey,plastic bag,2017,21034976,9.08,9.790580092009115,2316627.31277533
Ukraine,textile bag,2017,24302,1540.0,1660.516887851766,15.78051948051948
Ukraine,paper bag,2017,67462,154.305,166.3805573895888,437.19905382197595
United Arab Em,paper bag,2017,43482,513.08,553.232470661678,84.7470180088875
United Arab Em,plastic bag,2017,131105,68.06,73.38622038129299,1926.3150161622098
United Kingdom,textile bag,2017,2214160,3940.0,4248.335414373999,561.9695431472081
United Kingdom,paper bag,2017,93900068,476.25,513.5202388567556,197165.4971128609
United Kingdom,plastic bag,2017,13486397,24.51,26.428096702108306,550240.5956752346
Venezuela,plastic bag,2017,181457,2.48,2.674079144072974,73168.14516129032
Vietnam,textile bag,2017,109822498,5430.0,5854.939416256552,20225.137753222836
Vietnam,paper bag,2017,29900987,224.79,242.38155274038863,133017.42515236442
Vietnam,plastic bag,2017,67704348,11.91,12.84204943786658,5684663.979848866
Argentina,paper bag,2018,89707,247.01500000000001,260.79098262381655,363.1641803129364
Argentina,plastic bag,2018,688149,684.96,723.1600973949332,1004.655746320953
Australia,textile bag,2018,333606,3700.0,3906.3483420363996,90.16378378378378
Australia,paper bag,2018,3982253,195.58,206.48746182039977,20361.248593925757
Australia,plastic bag,2018,956292,11.21,11.835179706548121,85307.04727921498
Austria,textile bag,2018,84035,8130.000000000001,8583.408654258361,10.33640836408364
Austria,paper bag,2018,8407499,161.29,170.28511461812187,52126.59805319611
Austria,plastic bag,2018,497268,344.83,364.06110777957076,1442.0671055302614
Bangladesh,textile bag,2018,124031049,13500.0,14252.892599322,9187.485111111111
Bangladesh,plastic bag,2018,2906707,7.09,7.485408039199479,409972.77856135403
Belgium,textile bag,2018,1414121,3360.0,3547.3866024979197,420.86934523809526
Belgium,paper bag,2018,39214671,271.78000000000003,286.93712226990624,144288.28832143644
Belgium,plastic bag,2018,3746891,26.52,27.99901568400144,141285.48265460032
Bolivia,plastic bag,2018,898,7.18,7.58042732319496,125.06963788300835
Bosnia-Herzegov,textile bag,2018,884586,5180.0,5468.88767885096,170.76949806949807
Brazil,textile bag,2018,890291,8270.0,8731.21642936244,107.65308343409916
Brazil,paper bag,2018,34592995,95.25,100.56207556188299,363181.0498687664
Brazil,plastic bag,2018,10245216,10.38,10.95889075414536,987015.028901734
Bulgaria,paper bag,2018,25474,5542.915,5852.042383864512,4.595776770886799
Bulgaria,plastic bag,2018,53925,17.64,18.62377966311408,3056.9727891156463
Burma,textile bag,2018,1109668,3540.0,3737.4251704888798,313.46553672316384
Cambodia,textile bag,2018,6911809,5210.0,5500.56077351612,1326.642802303263
Cambodia,paper bag,2018,197978,171.45000000000002,181.01173601138942,1154.7273257509478
Cambodia,plastic bag,2018,32841010,13.57,14.326796486874041,2420118.6440677964
Canada,textile bag,2018,29612705,1370.0,1446.40465637564,21615.11313868613
Canada,paper bag,2018,744163802,149.225,157.54725171361667,4986857.443457866
Canada,plastic bag,2018,510001650,28.76,30.36394008566672,17733019.819193322
Chile,paper bag,2018,8932208,104.77499999999999,110.61828311807129,85251.32903841566
Chile,plastic bag,2018,710384,15.86,16.744509379647916,44790.92055485498
China,textile bag,2018,1260157895,2770.0,2924.48240741644,454930.64801444043
China,paper bag,2018,1043113760,231.775,244.7010505339153,4500544.752453889
China,plastic bag,2018,1148298074,9.71,10.251524973290122,118259327.90937178
Colombia,textile bag,2018,2680363,10000.0,10557.69822172,268.0363
Colombia,paper bag,2018,2522724,105.41,111.28869695515051,23932.492173418083
Colombia,plastic bag,2018,5201500,23.51,24.82114851926372,221246.27817949807
Costa Rica,paper bag,2018,2390900,220.98,233.30401530356855,10819.531179292244
Costa Rica,plastic bag,2018,6636950,7.73,8.161100725389561,858596.3777490297
Croatia,plastic bag,2018,88153,12.11,12.78537254650292,7279.355904211396
Cyprus,paper bag,2018,114111,354.33,374.0909210902047,322.0472440944882
Czech Republic,textile bag,2018,219542,7820.0,8256.12000938504,28.07442455242967
Czech Republic,paper bag,2018,3251693,194.31,205.1466341462413,16734.563326642994
Czech Republic,plastic bag,2018,196396,4.84,5.10992593931248,40577.68595041322
Denmark,textile bag,2018,902060,13460.0,14210.661806435119,67.01783060921248
Denmark,paper bag,2018,12852897,416.56,439.7914771239683,30854.851642020356
Denmark,plastic bag,2018,1374574,14.18,14.970816078398958,96937.51763046545
Dominican Rep,textile bag,2018,17310,6120.0,6461.31131169264,2.8284313725490198
Dominican Rep,paper bag,2018,8940125,118.11,124.69697369673491,75693.20971975278
Dominican Rep,plastic bag,2018,1116017,2.97,3.1356363718508398,375763.29966329964
Ecuador,plastic bag,2018,6116720,8.63,9.11129356534436,708774.044032445
Egypt,paper bag,2018,772907,195.58,206.48746182039977,3951.871356989467
Egypt,plastic bag,2018,770856,11.84,12.50031469451648,65106.08108108108
El Salvador,textile bag,2018,593548,4070.0000000000005,4296.98317624004,145.83488943488942
El Salvador,paper bag,2018,796223,342.90000000000003,362.02347202277883,2322.0268299795857
El Salvador,plastic bag,2018,1495310,25.79,27.22830371381588,57980.22489336952
Estonia,textile bag,2018,741879,151540.0,159991.35885194488,4.895598521842418
Finland,textile bag,2018,1634677,120650.0,127378.6290450518,13.548918358889349
Finland,paper bag,2018,5185867,107.315,113.29993846638818,48323.785118576154
Finland,plastic bag,2018,351872,228.79,241.54957761473185,1537.9693168407712
France,textile bag,2018,2726320,6030.0,6366.29202769716,452.12603648424545
France,paper bag,2018,91267784,263.52500000000003,278.22174238787636,346334.4426524997
France,plastic bag,2018,34508172,54.87,57.93009014257763,628907.8184800438
Germany,textile bag,2018,7544204,6080.0,6419.08051880576,1240.8230263157895
Germany,paper bag,2018,365483962,232.41,245.37146437099452,1572582.771825653
Germany,plastic bag,2018,50034445,23.9,25.2328987499108,2093491.4225941424
Greece,paper bag,2018,1216699,244.475,258.1093272754997,4976.782902137233
Greece,plastic bag,2018,823593,72.67,76.72279297723924,11333.32874638778
Guatemala,textile bag,2018,966249,820.0,865.73125418104,1178.3524390243902
Guatemala,paper bag,2018,26051,152.4,160.8993208990128,170.93832020997374
Guatemala,plastic bag,2018,752412,11.68,12.331391522968957,64418.83561643836
Honduras,textile bag,2018,7323559,25460.0,26879.89967249912,287.6496072270228
Honduras,paper bag,2018,75624,530.86,560.4659677982279,142.4556380213239
Honduras,plastic bag,2018,3909948,7.54,7.960504459176879,518560.7427055703
Hong Kong,textile bag,2018,9274192,1070.0,1129.67370972404,8667.469158878504
Hong Kong,paper bag,2018,6215635,269.875,284.9258807586685,23031.53311718388
Hong Kong,plastic bag,2018,12602745,13.25,13.988950143778998,951150.5660377359
Hungary,textile bag,2018,328056,102600.0,108321.9837548472,3.1974269005847953
Hungary,paper bag,2018,1047946,313.69,331.1844355171347,3340.7057923427587
Hungary,plastic bag,2018,51497,1.21,1.27748148482812,42559.50413223141
India,textile bag,2018,223490628,1980.0,2090.4242479005597,112874.05454545455
India,paper bag,2018,48696330,151.76500000000001,160.2289070619336,320866.6688630448
India,plastic bag,2018,95983345,7.59,8.013292950285479,12646027.009222662
Indonesia,textile bag,2018,17547419,5290.0,5585.02235928988,3317.092438563327
Indonesia,paper bag,2018,42915199,206.375,217.88449705074652,207947.6632344034
Indonesia,plastic bag,2018,4201550,5.74,6.060118779267279,731977.3519163763
Ireland,textile bag,2018,724594,210600.0,222345.12454942317,3.4406172839506173
Ireland,paper bag,2018,5403563,177.79999999999998,187.71587438218157,30391.242969628798
Ireland,plastic bag,2018,918537,4.2,4.4342332531224,218699.2857142857
Israel,textile bag,2018,674786,11730.0,12384.18001407756,57.52651321398125
Israel,paper bag,2018,9903452,521.335,550.4097602420396,18996.330574390744
Israel,plastic bag,2018,7846364,6.06,6.3979651223623195,1294779.5379537954
Italy,textile bag,2018,5514938,37550.0,39644.1568225586,146.8691877496671
Italy,paper bag,2018,76269209,187.96,198.44249577544912,405773.61672696314
Italy,plastic bag,2018,7999926,4.73,4.993791258873561,1691316.2790697673
Japan,textile bag,2018,1064323,4140.0,4370.88706379208,257.0828502415459
Japan,paper bag,2018,284837172,215.26500000000001,227.2702907698556,1323193.1433349592
Japan,plastic bag,2018,15898796,8.61,9.090178168900918,1846550.0580720094
Jordan,plastic bag,2018,146590,28.92,30.53286325721424,5068.810511756569
Kenya,textile bag,2018,11835,9710.0,10251.52497329012,1.2188465499485066
Laos,plastic bag,2018,2633314,9.23,9.744755458647559,285299.45828819065
Latvia,paper bag,2018,70668,1517.015,1601.6186567822567,46.58358684653744
Lebanon,paper bag,2018,50121,1189.99,1256.3555306864582,42.11884133480113
Lithuania,textile bag,2018,27925,7780.0,8213.889216498159,3.589331619537275
Lithuania,paper bag,2018,150483,948.6899999999999,1001.5982725963545,158.6218891313285
Luxembourg,paper bag,2018,131411,375.285,396.214577713819,350.1632092942697
Malaysia,textile bag,2018,922165,6060.0,6397.96512236232,152.1724422442244
Malaysia,paper bag,2018,5854823,190.5,201.12415112376598,30733.97900262467
Malaysia,plastic bag,2018,118352885,11.39,12.025218274539078,10390946.883230904
Mexico,textile bag,2018,118635183,11950.0,12616.4493749554,9927.630376569037
Mexico,paper bag,2018,455506245,200.025,211.1803586799543,2277246.5691788527
Mexico,plastic bag,2018,234377882,15.73,16.60725930276556,14900056.071201526
Morocco,textile bag,2018,46187,509790.0,538220.8976450638,0.09060005100139273
Nepal,textile bag,2018,37685,710.0,749.59657374212,53.07746478873239
Nepal,paper bag,2018,301019,1728.47,1824.8664645296367,174.15344206147634
Netherlands,textile bag,2018,869746,13990.0,14770.21981218628,62.16912080057184
Netherlands,paper bag,2018,30696160,174.625,184.3638051967855,175783.30708661416
Netherlands,plastic bag,2018,5327502,24.64,26.01416841831808,216213.5551948052
New Zealand,textile bag,2018,2440927,36110.0,38123.848278630925,67.59698144558294
New Zealand,paper bag,2018,402861,616.585,650.9718358039227,653.3746361004565
New Zealand,plastic bag,2018,98628,57.73,60.94959183398956,1708.4358219296728
Norway,paper bag,2018,128288,14041.755,14824.861179332791,9.136179914832583
Norway,plastic bag,2018,15558,6.66,7.03142701566552,2336.036036036036
Oman,plastic bag,2018,4156901,33.2,35.0515580961104,125207.86144578313
Pakistan,textile bag,2018,3649506,1240.0,1309.15457949328,2943.15
Pakistan,paper bag,2018,34582,338.455,357.33057516322424,102.17606476488751
Pakistan,plastic bag,2018,216450,4.92,5.19438752508624,43993.902439024394
Panama,paper bag,2018,10164,1047.115,1105.5124173436338,9.706670232018451
Panama,plastic bag,2018,37144,2876.0,3036.3940085666723,12.915159944367177
Peru,textile bag,2018,10959,1200.0,1266.9237866064,9.1325
Peru,paper bag,2018,671626,484.505,511.5257576914448,1386.210668620551
Peru,plastic bag,2018,1699426,2.36,2.49161678032592,720095.7627118644
Philippines,textile bag,2018,14872141,4050.0,4275.867779796599,3672.1335802469134
Philippines,paper bag,2018,1771386,4392.295,4637.252511076964,403.29394997376085
Philippines,plastic bag,2018,15917931,6.75,7.126446299661,2358212.0
Poland,textile bag,2018,1305267,20.0,21.115396443439998,65263.35
Poland,paper bag,2018,18343794,330.835,349.28560911827356,55446.95694228241
Poland,plastic bag,2018,1660468,39.22,41.40729242558583,42337.27689954105
Portugal,textile bag,2018,1034463,2870.0,3030.0593896336395,360.44006968641116
Portugal,paper bag,2018,3374597,202.565,213.86201402827118,16659.329104238146
Portugal,plastic bag,2018,363001,98.0,103.465442572856,3704.091836734694
Qatar,plastic bag,2018,2693710,10.02,10.578813618163439,268833.3333333334
Romania,textile bag,2018,44908,95130.0,100435.38318322235,0.4720697992221171
Romania,paper bag,2018,227916,312.42,329.8436078429762,729.5179565968888
Romania,plastic bag,2018,13772,476.62,503.20101264361864,28.895136586798706
Russia,paper bag,2018,164572,334.01,352.6376783036697,492.71578695248644
Russia,plastic bag,2018,137650,178.77,188.73997110968844,769.9837780388208
Singapore,textile bag,2018,172784,3470.0,3663.52128293684,49.793659942363114
Singapore,paper bag,2018,3026295,269.875,284.9258807586685,11213.691523853637
Singapore,plastic bag,2018,7961610,14.17,14.96025838017724,561863.796753705
Slovakia,paper bag,2018,1044893,562.61,593.9866596521888,1857.224365013064
Slovakia,plastic bag,2018,190523,41.97,44.310659436558836,4539.504407910413
Slovenia,paper bag,2018,82014,511.81000000000006,540.3535526858514,160.24305894765635
Slovenia,plastic bag,2018,192935,1001.41,1057.2584576212626,192.66334468399558
South Africa,textile bag,2018,5354025,18740.0,19785.12646750328,285.7003735325507
South Africa,paper bag,2018,317132,193.04,203.80580647208285,1642.8305014504767
South Africa,plastic bag,2018,2406406,57.39,60.59063009445108,41930.754486844395
South Korea,textile bag,2018,9201114,11710.0,12363.06461763412,785.7484201537147
South Korea,paper bag,2018,71827738,261.62,276.21050087663866,274549.8738628545
South Korea,plastic bag,2018,106703709,1.69,1.7842509994706799,63138289.34911243
Spain,textile bag,2018,1517774,5900.0,6229.0419508148,257.2498305084746
Spain,paper bag,2018,43909736,215.9,227.9407046069348,203379.97220935617
Spain,plastic bag,2018,10602314,6.16,6.50354210457952,1721154.87012987
Sri Lanka,textile bag,2018,20368249,19620.0,20714.20391101464,1038.1370540265036
Sri Lanka,paper bag,2018,258289,283.84499999999997,299.6749851744113,909.9649456569607
Sri Lanka,plastic bag,2018,16417165,5.55,5.8595225130546,2958047.7477477477
Sweden,textile bag,2018,307936,36960.0,39021.25262747712,8.331601731601731
Sweden,paper bag,2018,8032313,236.855,250.06436123054903,33912.364104620974
Sweden,plastic bag,2018,1476373,90.51,95.55772660478773,16311.711413103523
Switzerland,textile bag,2018,291642,10170.0,10737.179091489239,28.67669616519174
Switzerland,paper bag,2018,20920693,1297.305,1369.6554691528465,16126.27177109469
Switzerland,plastic bag,2018,9951656,15.75,16.628374699209,631851.1746031746
Taiwan,textile bag,2018,12065281,5370.0,5669.483945063641,2246.7934823091246
Taiwan,paper bag,2018,174125525,189.865,200.45373728668676,917101.7565112053
Taiwan,plastic bag,2018,107601141,11.4,12.0357759727608,9438696.578947369
Thailand,textile bag,2018,7666112,5210.0,5500.56077351612,1471.4226487523993
Thailand,paper bag,2018,6056319,437.515,461.91513374758256,13842.54025576266
Thailand,plastic bag,2018,197525727,8.33,8.794562618692758,23712572.268907562
Tunisia,textile bag,2018,156721,12110.0,12785.37254650292,12.941453344343518
Turkey,textile bag,2018,14774102,7880.0,8319.46619871536,1874.8860406091371
Turkey,paper bag,2018,6895965,143.51,151.51352717990372,48052.1566441363
Turkey,plastic bag,2018,26399243,16.96,17.90585618403712,1556559.1391509434
Ukraine,textile bag,2018,26766,640.0,675.6926861900799,41.821875
Ukraine,paper bag,2018,129600,379.09499999999997,400.2370607362943,341.86681438689516
United Arab Em,paper bag,2018,66598,734.695,775.6688095006576,90.64713928909275
United Arab Em,plastic bag,2018,314713,11.98,12.64812246962056,26269.866444073454
United Kingdom,textile bag,2018,3333458,8750.0,9237.985944005,380.96662857142854
United Kingdom,paper bag,2018,98557260,448.31,473.3121689779293,219841.76128125627
United Kingdom,plastic bag,2018,14223568,5.86,6.186811157927921,2427230.0341296927
Venezuela,plastic bag,2018,41924,1.25,1.3197122777149999,33539.2
Vietnam,textile bag,2018,116009897,6420.0,6778.0422583442405,18070.07741433022
Vietnam,paper bag,2018,34472553,208.915,220.56615239906333,165007.55331115526
Vietnam,plastic bag,2018,99859325,11.17,11.79294891366124,8939957.475380484
Argentina,paper bag,2019,55965,2750.82,2835.0573430566,20.34484262874343
Argentina,plastic bag,2019,1105483,562.74,579.9725788062001,1964.4649394036321
Australia,textile bag,2019,326632,4960.0,5111.8882447999995,65.85322580645162
Australia,paper bag,2019,3729073,207.645,214.00363600635,17958.886561198196
Australia,plastic bag,2019,467090,61.33,63.2080858979,7616.011739768466
Austria,textile bag,2019,242805,5550.0,5719.9555965,43.74864864864865
Austria,paper bag,2019,7603085,205.74,212.0402998962,36954.82161951978
Austria,plastic bag,2019,890166,465.29,479.5384035127,1913.142341335511
Bangladesh,textile bag,2019,108152972,13600.0,14016.467768,7952.424411764706
Bangladesh,plastic bag,2019,2810192,7.82,8.0594689666,359359.59079283883
Belgium,textile bag,2019,772283,12700.0,13088.907401,60.80968503937008
Belgium,paper bag,2019,37093144,304.165,313.47933225395,121950.73068893528
Belgium,plastic bag,2019,2725814,3.97,4.0915718411,686603.0226700251
Bolivia,plastic bag,2019,921,6.14,6.328022948199999,150.0
Bosnia-Herzegov,textile bag,2019,269933,6250.0,6441.3914374999995,43.18928
Brazil,textile bag,2019,664848,13380.0,13789.730789399999,49.68968609865471
Brazil,paper bag,2019,43968430,98.425,101.43903235775,446720.1422402845
Brazil,plastic bag,2019,10225051,17.18,17.7060967834,595171.769499418
Bulgaria,paper bag,2019,208455,2223.1349999999998,2291.2132405450498,93.76623551876068
Bulgaria,plastic bag,2019,36340,12.28,12.656045896399998,2959.28338762215
Burma,textile bag,2019,7509284,4059.9999999999995,4184.327877799999,1849.5773399014781
Cambodia,textile bag,2019,21034079,3140.0,3236.1550582,6698.75127388535
Cambodia,paper bag,2019,2259475,156.845,161.64800640235,14405.782779176894
Cambodia,plastic bag,2019,44891107,11.81,12.1716532603,3801109.822184589
Canada,textile bag,2019,32840144,2380.0,2452.8818594,13798.379831932773
Canada,paper bag,2019,773335651,152.4,157.066888812,5074380.91207349
Canada,plastic bag,2019,548204102,17.98,18.5305948874,30489660.84538376
Chile,paper bag,2019,7884367,104.77499999999999,107.98348605825,75250.460510618
Chile,plastic bag,2019,961441,11.19,11.5326672297,85919.66041108132
China,textile bag,2019,1097307453,2880.0,2968.1931744000003,381009.53229166666
China,paper bag,2019,782045667,212.725,219.23919896675,3676322.3269479377
China,plastic bag,2019,774068628,8.85,9.1210102755,87465381.69491526
Colombia,textile bag,2019,3600936,5890.0,6070.3672907,611.3643463497453
Colombia,paper bag,2019,3691156,106.045,109.29237679835,34807.449667593944
Colombia,plastic bag,2019,5847315,10.85,11.1822555355,538923.0414746543
Costa Rica,paper bag,2019,1747689,238.76,246.07145913879998,7319.856759926286
Costa Rica,plastic bag,2019,4669399,8.02,8.2655934926,582219.3266832918
Croatia,plastic bag,2019,48238,3.83,3.9472846729,12594.778067885118
Cyprus,paper bag,2019,100331,497.205,512.4307247491499,201.79000613429068
Czech Republic,textile bag,2019,93669,4670.0,4813.0076821,20.0576017130621
Czech Republic,paper bag,2019,2748114,217.17,223.8203165571,12654.206382096976
Czech Republic,plastic bag,2019,306779,26.37,27.1775187531,11633.636708380734
Denmark,textile bag,2019,1109254,17550.0,18087.427156499998,63.205356125356126
Denmark,paper bag,2019,10791964,302.26,311.5159961438,35704.24138159201
Denmark,plastic bag,2019,1288664,6.22,6.410472758599999,207180.7073954984
Dominican Rep,textile bag,2019,46956,10970.0,11305.9302511,4.280401093892434
Dominican Rep,paper bag,2019,12742685,137.795,142.01464530085,92475.67037991219
Dominican Rep,plastic bag,2019,1251137,22.81,23.508502190299996,54850.37264357738
Ecuador,plastic bag,2019,6362724,12.26,12.6354334438,518982.38172920066
Egypt,paper bag,2019,75160,146.685,151.17688048155,512.3904966424651
Egypt,plastic bag,2019,1187747,6.88,7.090683694399999,172637.64534883722
El Salvador,textile bag,2019,409902,4850.0,4998.5197554999995,84.5158762886598
El Salvador,paper bag,2019,853994,327.02500000000003,337.03936557575,2611.4027979512266
El Salvador,plastic bag,2019,1475251,14.66,15.108927755799998,100631.03683492496
Estonia,textile bag,2019,2169620,151560.0,156201.1658028,14.315254684613354
Finland,textile bag,2019,1260640,44630.0,45996.6879769,28.246470983643288
Finland,paper bag,2019,9290853,178.435,183.89914898405,52068.55717768375
Finland,plastic bag,2019,365708,119.92,123.5922657896,3049.5997331554368
France,textile bag,2019,3018616,8260.0,8512.9429238,365.4498789346247
France,paper bag,2019,92272028,261.62,269.6314924606,352694.8551333996
France,plastic bag,2019,32781118,36.2,37.308539206,905555.7458563535
Germany,textile bag,2019,6197745,8010.0,8255.2872663,773.7509363295881
Germany,paper bag,2019,357862118,233.045,240.18145080835,1535592.3448261067
Germany,plastic bag,2019,46125219,29.87,30.7846979581,1544198.828255775
Greece,paper bag,2019,1703596,232.41,239.5270054383,7330.13209414397
Greece,plastic bag,2019,993540,5.86,6.0394486118,169546.07508532424
Guatemala,textile bag,2019,1731873,1170.0,1205.8284770999999,1480.2333333333333
Guatemala,paper bag,2019,32770,647.6999999999999,667.534277451,50.59441099274356
Guatemala,plastic bag,2019,802687,1.91,1.9684892232999998,420254.97382198955
Honduras,textile bag,2019,9580698,25120.0,25889.2404656,381.3972133757962
Honduras,paper bag,2019,51176,454.02500000000003,467.92843958575,112.7162601178349
Honduras,plastic bag,2019,4328065,5.84,6.0188361592,741107.0205479452
Hong Kong,textile bag,2019,1922605,2009.9999999999998,2071.5514863,956.5199004975126
Hong Kong,paper bag,2019,2752025,281.94,290.5737443022,9761.030715755125
Hong Kong,plastic bag,2019,7394990,9.31,9.595096685300001,794306.1224489795
Hungary,textile bag,2019,444207,28550.0,29424.276086500002,15.55891418563923
Hungary,paper bag,2019,833500,297.815,306.93487855344995,2798.7173245135405
Hungary,plastic bag,2019,132489,6.28,6.4723101164,21096.974522292992
India,textile bag,2019,251147883,1520.0,1566.5463975999999,165228.87039473685
India,paper bag,2019,72059170,156.21,160.99356103230002,461296.77997567377
India,plastic bag,2019,104439842,8.14,8.3892682082,12830447.420147419
Indonesia,textile bag,2019,16909198,8730.0,8997.3355599,1936.906987399771
Indonesia,paper bag,2019,64527828,158.75,163.61134251250002,406474.50708661415
Indonesia,plastic bag,2019,8484307,5.65,5.8230178595,1501647.2566371681
Ireland,textile bag,2019,757244,21440.0,22096.5491872,35.31921641791045
Ireland,paper bag,2019,6319266,257.81,265.70482024029997,24511.330049261083
Ireland,plastic bag,2019,1951675,5.45,5.6168933335,358105.50458715594
Israel,textile bag,2019,444096,3410.0,3514.4231683,130.23343108504397
Israel,paper bag,2019,14793988,613.41,632.1942274682999,24117.617906457348
Israel,plastic bag,2019,11374926,3.32,3.4216671315999996,3426182.530120482
Italy,textile bag,2019,5258290,25480.0,26260.264612400002,206.3693092621664
Italy,paper bag,2019,64634838,223.52,230.36477025760001,289168.0297065139
Italy,plastic bag,2019,8947901,11.1,11.439911193,806117.2072072072
Japan,textile bag,2019,720721,3170.0,3267.0737371,227.35678233438486
Japan,paper bag,2019,260754053,211.455,217.93030822665,1233142.0538648884
Japan,plastic bag,2019,12255101,37.49,38.6380423987,326889.86396372365
Jordan,plastic bag,2019,263567,205.62,211.9166251806,1281.8159712090264
Kenya,textile bag,2019,21606,2200.0,2267.369786,9.82090909090909
Laos,plastic bag,2019,1525471,36.47,37.5868073161,41828.10529202084
Latvia,paper bag,2019,129721,1657.985,1708.7568612005498,78.24015295675173
Lebanon,paper bag,2019,18780,472.44,486.90735531720003,39.751079502159
Lithuania,textile bag,2019,46964,17190.0,17716.4030097,2.7320535194880744
Lithuania,paper bag,2019,86456,694.055,715.3087894646499,124.56649689145674
Luxembourg,paper bag,2019,100783,147.32,151.83132585159998,684.1094216671192
Malaysia,textile bag,2019,1232968,6550.0,6750.5782265,188.2393893129771
Malaysia,paper bag,2019,29980855,136.525,140.70575456075,219599.74363669657
Malaysia,plastic bag,2019,147064740,9.82,10.1207142266,14976042.769857433
Mexico,textile bag,2019,107269784,12580.0,12965.2326854,8527.00985691574
Mexico,paper bag,2019,409795432,178.435,183.89914898405,2296609.0284977723
Mexico,plastic bag,2019,248736871,14.24,14.6760662512,17467476.896067414
Morocco,textile bag,2019,45983,19890.0,20499.0841107,2.3118652589240822
Nepal,textile bag,2019,92739,1650.0,1700.5273395,56.20545454545454
Nepal,paper bag,2019,452189,2069.465,2132.83746099295,218.50526585373512
Netherlands,textile bag,2019,3077890,22360.0,23044.7220068,137.65161001788908
Netherlands,paper bag,2019,32548340,189.865,195.67916564495,171428.857346009
Netherlands,plastic bag,2019,4809188,47.77,49.232843035100004,100673.81201590956
New Zealand,textile bag,2019,3619078,94500.0,97393.83853499999,38.297121693121696
New Zealand,paper bag,2019,545709,568.3249999999999,585.7286061947499,960.2058681212336
New Zealand,plastic bag,2019,118587,92.18,95.00279403340001,1286.4721197656756
Norway,paper bag,2019,189325,491.49,506.54071641869996,385.2062096889052
Norway,plastic bag,2019,11990,73.93,76.19393103590001,162.18044095766263
Oman,plastic bag,2019,5414643,23.31,24.023813505299998,232288.416988417
Pakistan,textile bag,2019,5524811,1820.0,1875.7331866,3035.6104395604398
Pakistan,paper bag,2019,441369,420.37,433.2428349731,1049.9536122939314
Pakistan,plastic bag,2019,351729,29.62,30.527042300599998,11874.713031735313
Panama,paper bag,2019,81941,676.91,697.6387644733,121.0515430411724
Panama,plastic bag,2019,177520,36.79,37.9166065577,4825.224245718946
Peru,textile bag,2019,45079,2850.0,2937.2744955,15.81719298245614
Peru,paper bag,2019,957832,541.02,557.5874552826,1770.4188384902593
Peru,plastic bag,2019,963400,38.58,39.7614210654,24971.487817522033
Philippines,textile bag,2019,25134148,7400.0,7626.607461999999,3396.5064864864867
Philippines,paper bag,2019,1403987,1993.8999999999999,2054.958461957,704.1411304478661
Philippines,plastic bag,2019,16391497,6.25,6.4413914375,2622639.52
Poland,textile bag,2019,886304,8560.0,8822.129712799999,103.54018691588784
Poland,paper bag,2019,24490378,237.49,244.7625683987,103121.72301991662
Poland,plastic bag,2019,2311867,53.55,55.189841836499994,43172.119514472455
Portugal,textile bag,2019,896614,6700.0,6905.171621,133.82298507462687
Portugal,paper bag,2019,4795121,174.625,179.97247676375,27459.533285612026
Portugal,plastic bag,2019,330517,8.84,9.1107040492,37388.800904977375
Qatar,plastic bag,2019,2767743,10.89,11.2234804407,254154.54545454544
Romania,textile bag,2019,167435,9620.0,9914.5897006,17.404885654885653
Romania,paper bag,2019,168481,147.955,152.48577122165003,1138.7313710249737
Romania,plastic bag,2019,34604,124.93,128.75568516590002,276.9871127831586
Russia,paper bag,2019,251750,184.15,189.7891573145,1367.0920445289166
Russia,plastic bag,2019,326254,158.49,163.3433806287,2058.514732790712
Singapore,textile bag,2019,54012,26930.0,27754.6674259,2.0056442629038247
Singapore,paper bag,2019,3435064,340.995,351.43716371685,10073.64917374155
Singapore,plastic bag,2019,5425346,8.83,9.1003978229,614421.9705549264
Slovakia,paper bag,2019,244565,154.305,159.03022492215,1584.9454003434755
Slovakia,plastic bag,2019,223552,39.23,40.431325774899996,5698.496048942136
Slovenia,paper bag,2019,183342,479.425,494.10625438775,382.42060802002396
Slovenia,plastic bag,2019,123714,5.85,6.029142385499999,21147.69230769231
South Africa,textile bag,2019,4786811,23490.0,24209.3255787,203.78080034057047
South Africa,paper bag,2019,559730,3509.0099999999998,3616.4651148963,159.51222709539158
South Africa,plastic bag,2019,3710273,71.81,74.00901106030001,51667.915332126446
South Korea,textile bag,2019,11218850,6260.0,6451.6976638,1792.1485623003196
South Korea,paper bag,2019,74823911,271.78000000000003,280.1026183814,275310.58576790045
South Korea,plastic bag,2019,118216212,15.75,16.2323064225,7505791.238095238
Spain,textile bag,2019,1511803,4560.0,4699.6391928,331.5357456140351
Spain,paper bag,2019,66041762,160.655,165.57467862265,411078.16127727117
Spain,plastic bag,2019,6389327,7.4,7.626607462,863422.5675675676
Sri Lanka,textile bag,2019,21892305,3360.0,3462.8920368,6515.566964285715
Sri Lanka,paper bag,2019,58934,149.225,153.79466196175,394.9338247612666
Sri Lanka,plastic bag,2019,16341005,5.36,5.5241372968,3048694.962686567
Sweden,textile bag,2019,629410,5340.0,5503.5248442,117.86704119850187
Sweden,paper bag,2019,10535594,184.785,190.44360268454997,57015.417918121064
Sweden,plastic bag,2019,1220071,28.88,29.7643815544,42246.225761772854
Switzerland,textile bag,2019,185624,9290.0,9574.484232699999,19.981054897739504
Switzerland,paper bag,2019,25582084,1267.46,1306.2729586198,20183.74070976599
Switzerland,plastic bag,2019,8838882,97.64,100.6299935932,90525.21507578861
Taiwan,textile bag,2019,13585539,4880.0,5029.4384344,2783.9219262295082
Taiwan,paper bag,2019,186041545,206.375,212.69474526625,901473.2646880678
Taiwan,plastic bag,2019,114485385,8.5,8.760292355,13468868.823529411
Thailand,textile bag,2019,41506836,4620.0,4761.4765506,8984.163636363637
Thailand,paper bag,2019,7152291,219.71,226.43809803730002,32553.324837285512
Thailand,plastic bag,2019,213162915,8.88,9.1519289544,24004832.77027027
Tunisia,textile bag,2019,169378,24680.0,25435.766508399996,6.862965964343598
Turkey,textile bag,2019,14262204,1100.0,1133.684893,12965.64
Turkey,paper bag,2019,11502913,132.715,136.77908234045,86673.7972346758
Turkey,plastic bag,2019,32528786,16.83,17.3453788629,1932785.8585858587
Ukraine,textile bag,2019,28838,4570.0,4709.9454190999995,6.310284463894967
Ukraine,paper bag,2019,87879,286.385,295.15486189254995,306.856155175725
United Arab Em,paper bag,2019,96767,1272.54,1311.5085215801998,76.04240338221196
United Arab Em,plastic bag,2019,758013,5.92,6.1012859696,128042.7364864865
United Kingdom,textile bag,2019,4128163,12230.0,12604.5147649,337.54399018806214
United Kingdom,paper bag,2019,113689696,454.02500000000003,467.92843958575,250404.04383018555
United Kingdom,plastic bag,2019,12675847,17.42,17.9534462146,727660.5625717565
Venezuela,plastic bag,2019,229961,1.66,1.7108335657999998,138530.72289156629
Vietnam,textile bag,2019,100337726,3340.0,3442.2795842,30041.235329341318
Vietnam,paper bag,2019,61650740,206.375,212.69474526625,298731.62931556633
Vietnam,plastic bag,2019,148747530,9.05,9.3271348015,16436191.160220994
Argentina,paper bag,2020,20738,8030.845,8129.6243935,2.582293644068588
Argentina,plastic bag,2020,347575,1.99,2.014477,174660.8040201005
Australia,textile bag,2020,539966,19070.0,19304.560999999998,28.314944939695856
Australia,paper bag,2020,2927073,227.33,230.126159,12875.876479127259
Australia,plastic bag,2020,289987,40.36,40.856428,7185.009910802775
Austria,textile bag,2020,177732,8070.0,8169.2609999999995,22.02379182156134
Austria,paper bag,2020,7284961,173.99,176.130077,41869.99827576297
Austria,plastic bag,2020,1156839,2.9,2.93567,398910.0
Bangladesh,textile bag,2020,115199292,11540.0,11681.942,9982.607625649913
Bangladesh,plastic bag,2020,1720762,6.17,6.245890999999999,278891.73419773096
Belgium,textile bag,2020,1090761,11530.0,11671.819,94.60199479618387
Belgium,paper bag,2020,32049514,659.765,667.8801095,48577.1661121763
Belgium,plastic bag,2020,3367476,58.26,58.976597999999996,57800.823892893924
Bolivia,plastic bag,2020,8220,5.63,5.699249,1460.0355239786857
Bosnia-Herzegov,textile bag,2020,88401,6000.0,6073.8,14.7335
Brazil,textile bag,2020,819736,2070.0,2095.461,396.00772946859905
Brazil,paper bag,2020,36926890,91.44,92.564712,403837.3797025372
Brazil,plastic bag,2020,9427552,13.06,13.220638000000001,721864.6248085757
Bulgaria,paper bag,2020,91705,621.03,628.6686689999999,147.66597426855387
Bulgaria,plastic bag,2020,22369,10.35,10.477305,2161.256038647343
Burma,textile bag,2020,20810567,4450.0,4504.735,4676.53191011236
Cambodia,textile bag,2020,48291486,3450.0,3492.435,13997.532173913043
Cambodia,paper bag,2020,4220134,142.24,143.989552,29669.10854893138
Cambodia,plastic bag,2020,52713669,11.94,12.086862,4414880.150753769
Canada,textile bag,2020,25257196,31950.0,32342.985,790.5225665101722
Canada,paper bag,2020,769988421,160.655,162.6310565,4792807.077277396
Canada,plastic bag,2020,576384822,16.95,17.158485,34005004.24778761
Chile,paper bag,2020,10290869,104.14,105.420922,98817.63971576723
Chile,plastic bag,2020,930875,28.12,28.465876,33103.66287339971
China,textile bag,2020,886078854,2680.0,2712.964,330626.43805970147
China,paper bag,2020,656641956,198.755,201.19968649999998,3303775.784257
China,plastic bag,2020,767304771,8.16,8.260368,94032447.4264706
Colombia,textile bag,2020,3931848,1310.0,1326.113,3001.4106870229007
Colombia,paper bag,2020,6578851,95.25,96.421575,69069.30183727034
Colombia,plastic bag,2020,5985375,10.18,10.305214,587954.322200393
Costa Rica,paper bag,2020,1345797,138.43,140.132689,9721.859423535361
Costa Rica,plastic bag,2020,5406898,18.36,18.585828,294493.3551198257
Croatia,plastic bag,2020,38129,2242.88,2270.467424,17.000017834213153
Cyprus,paper bag,2020,69245,470.535,476.3225805,147.16227273210282
Czech Republic,textile bag,2020,350343,9030.0,9141.069,38.79767441860465
Czech Republic,paper bag,2020,1448543,221.615,224.3408645,6536.303950544863
Czech Republic,plastic bag,2020,409999,272.83,276.185809,1502.763625700986
Denmark,textile bag,2020,1612880,13460.0,13625.557999999999,119.82763744427935
Denmark,paper bag,2020,5278066,430.53000000000003,435.82551900000004,12259.46159384944
Denmark,plastic bag,2020,1025704,132.02,133.643846,7769.307680654446
Dominican Rep,textile bag,2020,149538,510.0,516.273,293.21176470588233
Dominican Rep,paper bag,2020,14089593,146.685,148.4892255,96053.40014316392
Dominican Rep,plastic bag,2020,1627865,4.13,4.1807989999999995,394156.17433414044
Ecuador,plastic bag,2020,5429995,13.14,13.301622,413241.6286149163
Egypt,paper bag,2020,1177229,90.80499999999999,91.92190149999999,12964.36319585926
Egypt,plastic bag,2020,1303280,53.91,54.57309299999999,24175.106659246896
El Salvador,textile bag,2020,575285,4340.0,4393.382,132.55414746543778
El Salvador,paper bag,2020,400951,521.97,528.390231,768.1495105082668
El Salvador,plastic bag,2020,2847580,33.95,34.367585000000005,83875.69955817377
Estonia,textile bag,2020,1836057,221380.0,224102.974,8.293689583521546
Finland,textile bag,2020,1258969,79980.0,80963.754,15.741047761940486
Finland,paper bag,2020,10579157,158.115,160.05981450000002,66907.99101919489
Finland,plastic bag,2020,465365,8.74,8.847502,53245.4233409611
France,textile bag,2020,9846994,147150.0,148959.945,66.91806999660211
France,paper bag,2020,81002812,255.26999999999998,258.40982099999997,317322.0981705645
France,plastic bag,2020,58635991,36.47,36.918580999999996,1607786.9755963807
Germany,textile bag,2020,6303223,3820.0,3866.986,1650.0583769633508
Germany,paper bag,2020,346952238,222.25,224.983675,1561089.9347581551
Germany,plastic bag,2020,60452148,33.46,33.871558,1806698.983861327
Greece,paper bag,2020,2715801,307.34,311.120282,8836.471009305656
Greece,plastic bag,2020,1561154,7.54,7.6327419999999995,207049.6021220159
Guatemala,textile bag,2020,2243114,1560.0,1579.1879999999999,1437.8935897435897
Guatemala,paper bag,2020,18158,746.76,755.945148,24.315710536182976
Guatemala,plastic bag,2020,842718,2.26,2.2877979999999996,372884.0707964602
Honduras,textile bag,2020,14220777,7680.0,7774.464,1851.663671875
Honduras,paper bag,2020,16408,1704.34,1725.3033819999998,9.627187063614068
Honduras,plastic bag,2020,5165063,5.74,5.810602,899836.7595818815
Hong Kong,textile bag,2020,1218696,2670.0,2702.841,456.4404494382022
Hong Kong,paper bag,2020,2878930,364.49,368.973227,7898.515734313698
Hong Kong,plastic bag,2020,6706071,7.7,7.79471,870918.3116883116
Hungary,textile bag,2020,163956,32330.0,32727.659,5.071326940921744
Hungary,paper bag,2020,1484658,394.96999999999997,399.828131,3758.9133351900145
Hungary,plastic bag,2020,173304,34.51,34.934473,5021.848739495798
India,textile bag,2020,239639473,2140.0,2166.322,111981.0621495327
India,paper bag,2020,75416977,127.63499999999999,129.20491049999998,590880.0642457007
India,plastic bag,2020,92383012,7.93,8.027538999999999,11649812.35813367
Indonesia,textile bag,2020,19853333,6480.0,6559.704,3063.7859567901232
Indonesia,paper bag,2020,62800253,213.35999999999999,215.98432799999998,294339.3935133109
Indonesia,plastic bag,2020,18538910,10.29,10.416566999999999,1801643.3430515064
Ireland,textile bag,2020,365140,2000.0,2024.6,182.57
Ireland,paper bag,2020,9162423,111.76,113.134648,81983.02612741588
Ireland,plastic bag,2020,1145430,2.14,2.166322,535247.6635514018
Israel,textile bag,2020,704068,13210.0,13372.483,53.29810749432248
Israel,paper bag,2020,19446393,209.54999999999998,212.12746499999997,92800.73013600573
Israel,plastic bag,2020,16181508,59.41,60.14074299999999,272370.1060427538
Italy,textile bag,2020,4265775,26920.0,27251.115999999998,158.46118127786033
Italy,paper bag,2020,62028196,220.98,223.69805399999998,280695.97248619783
Italy,plastic bag,2020,9069460,7.52,7.612495999999999,1206045.2127659575
Japan,textile bag,2020,648034,5870.0,5942.201,110.39761499148211
Japan,paper bag,2020,194439526,256.54,259.695442,757930.6384969205
Japan,plastic bag,2020,14954703,65.51,66.31577300000001,228281.22424057394
Jordan,plastic bag,2020,206559,2.08,2.105584,99307.21153846153
Kenya,textile bag,2020,2196,12620.0,12775.226,0.17400950871632329
Laos,plastic bag,2020,332655,13.09,13.251007,25412.910618792972
Latvia,paper bag,2020,103680,1670.685,1691.2344254999998,62.05837725244436
Lebanon,paper bag,2020,12762,168.275,170.3447825,75.84014262368147
Lithuania,textile bag,2020,12633,15460.0,15650.158,0.8171410090556275
Lithuania,paper bag,2020,152973,708.66,717.3765179999999,215.86233172466345
Luxembourg,paper bag,2020,233008,612.775,620.3121325,380.250499775611
Malaysia,textile bag,2020,945900,8970.0,9080.331,105.45150501672241
Malaysia,paper bag,2020,35813765,137.16,138.847068,261109.3977836104
Malaysia,plastic bag,2020,158812290,9.52,9.637096,16681963.235294119
Mexico,textile bag,2020,121702949,7320.0,7410.036,16626.085928961747
Mexico,paper bag,2020,405055712,181.60999999999999,183.84380299999998,2230360.178404273
Mexico,plastic bag,2020,260862356,7.07,7.156961,36897080.05657709
Morocco,textile bag,2020,116810,18840.0,19071.732,6.200106157112526
Nepal,textile bag,2020,70642,2090.0,2115.707,33.8
Nepal,paper bag,2020,279846,2364.7400000000002,2393.8263020000004,118.34112841158012
Netherlands,textile bag,2020,1447548,5040.0,5101.992,287.21190476190475
Netherlands,paper bag,2020,31041607,166.37,168.416351,186581.75752840054
Netherlands,plastic bag,2020,5220550,20.82,21.076086,250746.87800192123
New Zealand,textile bag,2020,1740589,95120.0,96289.976,18.29887510513036
New Zealand,paper bag,2020,467773,941.705,953.2879715,496.72986763370693
New Zealand,plastic bag,2020,117155,538.44,545.062812,217.5822747195602
Norway,paper bag,2020,81722,1981.2,2005.56876,41.24873813850192
Norway,plastic bag,2020,45990,4.54,4.595842,10129.955947136565
Oman,plastic bag,2020,7061064,25.18,25.489714,280423.51072279585
Pakistan,textile bag,2020,5132191,1280.0,1295.744,4009.52421875
Pakistan,paper bag,2020,778909,223.52,226.269296,3484.7396206156045
Pakistan,plastic bag,2020,846363,2.12,2.146076,399227.8301886792
Panama,paper bag,2020,61843,732.79,741.803317,84.39389183804364
Panama,plastic bag,2020,447311,25.26,25.570698,17708.27395091053
Peru,textile bag,2020,23862,2620.0,2652.226,9.10763358778626
Peru,paper bag,2020,1105373,196.85,199.271255,5615.306070612141
Peru,plastic bag,2020,1260629,33.73,34.144878999999996,37374.117995849396
Philippines,textile bag,2020,19547993,7570.0,7663.111,2582.2976221928666
Philippines,paper bag,2020,2785562,198.755,201.19968649999998,14015.053709340646
Philippines,plastic bag,2020,14408357,8.5,8.60455,1695100.8235294118
Poland,textile bag,2020,571094,33760.0,34175.248,16.916291469194313
Poland,paper bag,2020,32239110,210.185,212.7702755,153384.44703475508
Poland,plastic bag,2020,2767207,51.76,52.396648,53462.268160741885
Portugal,textile bag,2020,723091,11900.0,12046.369999999999,60.76394957983193
Portugal,paper bag,2020,10622358,150.495,152.3460885,70582.79677065683
Portugal,plastic bag,2020,913084,40.55,41.048764999999996,22517.484586929717
Qatar,plastic bag,2020,1273166,9.82,9.940786,129650.30549898166
Romania,textile bag,2020,250727,24350.0,24649.505,10.296796714579056
Romania,paper bag,2020,339235,98.425,99.6356275,3446.6344932689867
Romania,plastic bag,2020,113189,1.7,1.72091,66581.76470588235
Russia,paper bag,2020,356859,142.24,143.989552,2508.851237345332
Russia,plastic bag,2020,208088,22.44,22.716012,9273.083778966131
Singapore,textile bag,2020,168452,74310.0,75224.01299999999,2.2668819808908625
Singapore,paper bag,2020,2778615,591.1850000000001,598.4565755000001,4700.076964063702
Singapore,plastic bag,2020,7159644,5.1,5.16273,1403851.7647058824
Slovakia,paper bag,2020,95574,1577.34,1596.741282,60.591882536422084
Slovakia,plastic bag,2020,618741,128.1,129.67562999999998,4830.1405152224825
Slovenia,paper bag,2020,134635,454.02500000000003,459.6095075,296.5365343318099
Slovenia,plastic bag,2020,323828,5.33,5.3955589999999995,60755.72232645403
South Africa,textile bag,2020,3748741,9850.0,9971.155,380.58284263959393
South Africa,paper bag,2020,66000,322.58,326.547734,204.6004092008184
South Africa,plastic bag,2020,12729155,64.85,65.64765499999999,196286.12181958367
South Korea,textile bag,2020,23492693,31870.0,32262.001,737.1412927518043
South Korea,paper bag,2020,85697230,234.95000000000002,237.839885,364746.6695041498
South Korea,plastic bag,2020,129071937,23.24,23.525851999999997,5553869.922547333
Spain,textile bag,2020,2253797,28570.0,28921.411,78.8868393419671
Spain,paper bag,2020,63062751,149.85999999999999,151.70327799999998,420811.097023889
Spain,plastic bag,2020,6212087,9.02,9.130946,688701.4412416852
Sri Lanka,textile bag,2020,14704916,2860.0,2895.178,5141.579020979021
Sri Lanka,paper bag,2020,296716,118.745,120.2055635,2498.766263842688
Sri Lanka,plastic bag,2020,13789793,4.85,4.909655,2843256.288659794
Sweden,textile bag,2020,197717,21610.0,21875.803,9.149329014345211
Sweden,paper bag,2020,10906752,234.95000000000002,237.839885,46421.58757182379
Sweden,plastic bag,2020,3754591,24.3,24.59889,154509.91769547324
Switzerland,textile bag,2020,176454,43590.0,44126.157,4.048038540949759
Switzerland,paper bag,2020,23410944,1303.655,1319.6899564999999,17957.929053315485
Switzerland,plastic bag,2020,7358836,35.64,36.078372,206476.87991021323
Taiwan,textile bag,2020,9598951,5350.0,5415.805,1794.196448598131
Taiwan,paper bag,2020,207406195,175.26,177.415698,1183420.0330936895
Taiwan,plastic bag,2020,120483720,11.6,11.74268,10386527.586206896
Thailand,textile bag,2020,34147655,8320.0,8422.336,4104.2854567307695
Thailand,paper bag,2020,6227738,171.45000000000002,173.55883500000002,36323.931175269754
Thailand,plastic bag,2020,241373516,9.59,9.707957,25169292.59645464
Tunisia,textile bag,2020,224734,18760.0,18990.748,11.979424307036247
Turkey,textile bag,2020,13756547,5210.0,5274.083,2640.4120921305184
Turkey,paper bag,2020,22706492,113.03,114.420269,200889.0736972485
Turkey,plastic bag,2020,39814745,10.75,10.882225,3703697.2093023257
Ukraine,textile bag,2020,140650,10210.0,10335.583,13.775710088148873
Ukraine,paper bag,2020,158565,2213.61,2240.837403,71.63185927060321
United Arab Em,paper bag,2020,268629,172.72,174.844456,1555.2860120426124
United Arab Em,plastic bag,2020,1471351,47.93,48.519539,30697.913624035053
United Kingdom,textile bag,2020,3915071,7330.0,7420.159,534.1160982264665
United Kingdom,paper bag,2020,118752238,435.61,440.968003,272611.36796675925
United Kingdom,plastic bag,2020,15240233,32.45,32.849135000000004,469652.7889060092
Venezuela,plastic bag,2020,152398,0.74,0.7491019999999999,205943.24324324325
Vietnam,textile bag,2020,147321484,3680.0,3725.264,40033.01195652174
Vietnam,paper bag,2020,105264040,206.375,208.9134125,510061.9745608722
Vietnam,plastic bag,2020,178793384,8.22,8.321106,21751019.951338198
